,video_id,positive_comments,negative_comments,Neutral_comments
0,--JinobXWPk,85.0,60.0,155.0
1,--y69Ui8xwM,141.0,47.0,103.0
2,-1fzGnFwz9M,104.0,36.0,60.0
3,-2hRYEFiPSA,453.0,61.0,186.0
4,-6Zc8Co2H3w,365.0,85.0,350.0
5,-AJyaVduxCc,353.0,126.0,305.0
6,-Egtbs-go4Q,68.0,37.0,95.0
7,-HGQJx5M8js,174.0,121.0,205.0
8,-Ifnaxi2LQg,363.0,140.0,397.0
9,-JmNKGfFj7w,206.0,124.0,170.0
10,-LoSw4o2zDQ,258.0,21.0,121.0
11,-QL9dvmddYs,69.0,6.0,425.0
12,-_Q5kO4YXFs,127.0,32.0,141.0
13,-abYDzdg5Vg,332.0,29.0,130.0
14,-c_FsbYR8Q4,80.0,12.0,108.0
15,-eTpw0X9FRQ,11.0,4.0,
16,-f-gdt9p-k0,231.0,138.0,331.0
17,-fbsJZZ2KMw,206.0,142.0,352.0
18,-jFgNreZPf0,324.0,109.0,267.0
19,-p6WWRarjNs,102.0,34.0,64.0
20,-q47sHA4eAo,189.0,108.0,303.0
21,-rwylqSsN0I,23.0,18.0,16.0
22,-uRgjsiPEeM,63.0,54.0,70.0
23,-vjLBmZHWgE,669.0,59.0,72.0
24,-w9EFpyESSU,186.0,67.0,41.0
25,-yKW9NG2yNc,162.0,30.0,108.0
26,-zCYX0esYlo,131.0,69.0,199.0
27,03IUgOd4GH4,191.0,80.0,329.0
28,05v4nfUmBYI,296.0,60.0,244.0
29,07VBLa4RMKs,37.0,29.0,34.0
30,07v6qA2l3n4,331.0,33.0,136.0
31,08RHSZvixec,108.0,72.0,120.0
32,09xOyqOO1Eg,95.0,38.0,67.0
33,0AaApxaD170,229.0,65.0,206.0
34,0Ac0Q7iL_T4,275.0,58.0,167.0
35,0G9L9QKTSQM,163.0,251.0,186.0
36,0H3MirHyX2w,160.0,81.0,259.0
37,0HrxgjmzXUs,316.0,75.0,109.0
38,0IkPBqbfzg4,498.0,35.0,67.0
39,0Jjm3d_7N6A,144.0,7.0,47.0
40,0KLFeWlJtvY,272.0,20.0,108.0
41,0Pz7DnHikLU,198.0,72.0,330.0
42,0QgTwwloZL8,257.0,218.0,125.0
43,0Rb2rr1vWpI,31.0,9.0,60.0
44,0VfGA5bE1AQ,146.0,36.0,218.0
45,0Vwyu5kzA_U,101.0,12.0,20.0
46,0bcHEsmmpzU,197.0,83.0,320.0
47,0dWj2k4FMM8,272.0,76.0,352.0
48,0eKdNcP4xrM,472.0,94.0,333.0
49,0hLx_1Q15eY,271.0,120.0,497.0
50,0lDRz8qmXpE,248.0,144.0,208.0
51,0oxHdtCw3Ns,85.0,41.0,74.0
52,0ptNpGfMRCg,246.0,109.0,345.0
53,0pwttmAYCTw,356.0,49.0,295.0
54,0q12l9wH1No,427.0,6.0,67.0
55,0qfgZJNCCJQ,225.0,35.0,240.0
56,0uUFf8IomLg,146.0,18.0,137.0
57,0wEHhsvyia0,151.0,106.0,243.0
58,10y7JdXctTU,20.0,27.0,28.0
59,11S5tcT2Tm0,574.0,32.0,294.0
60,12MQNUm9iBE,344.0,90.0,166.0
61,12fphklmFzk,35.0,18.0,47.0
62,12vfxYs6F7E,209.0,49.0,342.0
63,16-xMnzDQ4M,74.0,5.0,21.0
64,1MA8LIQ5Tec,502.0,34.0,163.0
65,1NyMSWqIJDQ,219.0,151.0,330.0
66,1PzNy4OhwDk,563.0,77.0,60.0
67,1XYcK1Rw0V4,39.0,12.0,3.0
68,1Yt1O-OhAm4,201.0,61.0,227.0
69,1ZFK3VKzQIs,98.0,15.0,184.0
70,1cnBJYystA0,72.0,8.0,20.0
71,1csaGKAjAvw,54.0,10.0,36.0
72,1cwuh3WDztU,74.0,57.0,68.0
73,1hvdr7RjNRk,370.0,111.0,319.0
74,1kHmFjHzR-s,466.0,58.0,76.0
75,1kTff70rjig,60.0,10.0,30.0
76,1kVLpFilePw,92.0,23.0,85.0
77,1k_whpRADOE,250.0,90.0,255.0
78,1lOsQBZQ9ok,43.0,20.0,80.0
79,1nEp6DcHwhs,99.0,38.0,63.0
80,1pCSv7uXcxE,360.0,60.0,180.0
81,1rmAi9XmlIo,241.0,62.0,196.0
82,1wEh5P6T2_Y,65.0,45.0,72.0
83,1wwwXCQyIRA,663.0,68.0,163.0
84,1yP5Os0f6zA,324.0,32.0,138.0
85,1yYV9-KoSUM,398.0,39.0,161.0
86,1zOPtQNChZM,704.0,54.0,142.0
87,22RRaO5AuOo,226.0,71.0,303.0
88,22tF3y_epZs,120.0,31.0,49.0
89,27IzfEkYgWE,245.0,26.0,29.0
90,2DTwXdqmRiM,157.0,94.0,249.0
91,2FTxKFsWz60,110.0,58.0,132.0
92,2HcqS508lIo,301.0,175.0,424.0
93,2NMAmYz7CjA,12.0,5.0,12.0
94,2QA57665QM0,284.0,75.0,341.0
95,2R2xpNeveh0,91.0,65.0,34.0
96,2RbyOUqqR8c,193.0,241.0,266.0
97,2XIuFmRBCv4,8.0,6.0,17.0
98,2XzXLzA2Hrc,125.0,68.0,207.0
99,2YGrrsKs-Xg,133.0,42.0,125.0
100,2d-kZs0zPps,149.0,9.0,42.0
101,2dJq9ywlHMk,56.0,24.0,120.0
102,2iObySa91b0,200.0,124.0,175.0
103,2nFO0sMs9Zs,73.0,8.0,19.0
104,2qiBTkVRp1U,297.0,86.0,217.0
105,2rqSJDslK-Q,95.0,16.0,89.0
106,2ts6s-Ekfoc,142.0,5.0,41.0
107,2wxyDrfwlXQ,300.0,61.0,239.0
108,3-yamPXZQtU,287.0,110.0,403.0
109,30QPEkhcYeQ,31.0,29.0,40.0
110,30ZmYOcgyx0,329.0,46.0,208.0
111,30z5fRChjFQ,2.0,4.0,4.0
112,31X8SnfET9s,10.0,1.0,89.0
113,32q2VdiAlb4,112.0,31.0,57.0
114,35zynOrkvMk,1.0,,2.0
115,3BRB0UwY5Ac,319.0,31.0,49.0
116,3DrpmXtpFtw,236.0,207.0,155.0
117,3ImE5jhnOt8,285.0,77.0,238.0
118,3JYl1XREYLE,232.0,132.0,436.0
119,3N5WORQxQUo,396.0,40.0,164.0
120,3QzUSSKfEeA,177.0,127.0,396.0
121,3VVnY86ulA8,168.0,33.0,99.0
122,3VxviCvN5sU,200.0,57.0,143.0
123,3WEvgqcP8mg,178.0,19.0,103.0
124,3YVfvvCZxfw,3.0,,12.0
125,3ZOioxEGYpQ,258.0,20.0,122.0
126,3_BoE9rIbMw,287.0,99.0,114.0
127,3d9i_0Ty7Cg,233.0,99.0,268.0
128,3fILUAGw2mE,280.0,120.0,300.0
129,3fK7KYxLrtQ,36.0,12.0,41.0
130,3iKiBx7oCP0,327.0,196.0,177.0
131,3uxsHmxQBHA,310.0,135.0,255.0
132,3xsEUB-Az94,279.0,33.0,88.0
133,3yoGE3v4A8w,195.0,35.0,170.0
134,40M4DF8aIYs,67.0,4.0,29.0
135,41taYOq1kVY,371.0,54.0,175.0
136,439iY0844xI,256.0,65.0,179.0
137,47XGull36jM,70.0,42.0,88.0
138,4AsSp0AhlBc,23.0,15.0,25.0
139,4BmaTeRnNgo,25.0,10.0,253.0
140,4Cl0kVE94E0,131.0,68.0,201.0
141,4CyvvCx6Us0,58.0,6.0,36.0
142,4LwpGaDKmZ8,157.0,46.0,97.0
143,4MkC65emkG4,282.0,159.0,259.0
144,4NJYWgb6dQM,372.0,54.0,274.0
145,4S_9IWKVuVU,62.0,14.0,24.0
146,4W-pZrhu798,508.0,95.0,197.0
147,4YX_1wql-Xw,342.0,133.0,225.0
148,4bh9luFQ3Tc,243.0,102.0,355.0
149,4hqqFqcr1K8,38.0,10.0,52.0
150,4jfET_Xaq9w,430.0,80.0,188.0
151,4k56sdESwHQ,150.0,51.0,199.0
152,4kX7iBnoivA,441.0,134.0,125.0
153,4nBHdt8Tick,165.0,57.0,178.0
154,4nm5gxYA9PE,150.0,77.0,269.0
155,4tR_H21CuP8,347.0,84.0,68.0
156,4tXF7w1Nbhk,390.0,31.0,179.0
157,4vwVfdMn9Pw,172.0,37.0,144.0
158,4xbFVdoRzLQ,166.0,139.0,195.0
159,51h1wxOzRxg,79.0,16.0,47.0
160,56kiI-JKSdY,310.0,147.0,143.0
161,58R1G1XfQCs,72.0,45.0,283.0
162,59X_zkBglEY,298.0,79.0,217.0
163,5DG26XDPpB8,174.0,31.0,95.0
164,5IP8jQNXDOo,139.0,113.0,146.0
165,5Ij5frweOfw,184.0,18.0,98.0
166,5IpgQyDuJbU,288.0,79.0,133.0
167,5JcZsNxT2BM,79.0,36.0,85.0
168,5LXqVd_0cjs,44.0,5.0,51.0
169,5LjxhUoMdFQ,25.0,7.0,21.0
170,5MYuX9vrP_o,240.0,114.0,130.0
171,5PJWCe92K1E,57.0,47.0,96.0
172,5UPm14CqYgk,211.0,98.0,391.0
173,5Wiio4KoGe8,357.0,77.0,366.0
174,5al17hlhowA,362.0,26.0,212.0
175,5cyiXm7vAgc,136.0,51.0,113.0
176,5e8-4mBiCSI,32.0,9.0,59.0
177,5eSSL8hRU_E,62.0,8.0,30.0
178,5i76b0OrdIQ,209.0,35.0,126.0
179,5iS_9deMr3s,461.0,28.0,111.0
180,5o5N-9h_ncw,219.0,123.0,173.0
181,5pvkw5KkQuw,42.0,7.0,351.0
182,5qkgFES0r-U,303.0,69.0,128.0
183,5s4wlmfGwJ4,43.0,1.0,56.0
184,5xgX_tNTWgs,278.0,174.0,245.0
185,5ywKal6-anc,149.0,129.0,222.0
186,60p7CcevOQI,33.0,21.0,46.0
187,65fZOBR0pmM,136.0,34.0,130.0
188,660YlPoECNk,170.0,115.0,415.0
189,6731LIO2LKI,228.0,177.0,95.0
190,67B1ITzDgqo,501.0,53.0,146.0
191,69mJfm0MZKU,342.0,56.0,302.0
192,6DjO94xv-ak,43.0,8.0,49.0
193,6L-nhETPAfY,174.0,45.0,181.0
194,6S3U-xlVIhQ,172.0,91.0,337.0
195,6Vb6Z9i5sHs,92.0,194.0,314.0
196,6aKua_hvo5Y,106.0,27.0,263.0
197,6gwM9v_OwUc,230.0,74.0,396.0
198,6jt3asyth4s,466.0,36.0,98.0
199,6l5P7jHUcjI,272.0,166.0,362.0
200,6o5L1WafILo,264.0,44.0,92.0
201,6v3BWoddSgk,296.0,120.0,384.0
202,6vGg-jJl30A,113.0,13.0,74.0
203,6x62O8A8qHw,306.0,98.0,296.0
204,7-PlbuWWceE,71.0,73.0,110.0
205,7-x4ZP9HEwg,75.0,6.0,19.0
206,7-z55AKa07U,61.0,23.0,116.0
207,71QPEkD9PhM,118.0,47.0,135.0
208,72HS6nTgeOE,158.0,10.0,47.0
209,72dxSi8yK54,88.0,32.0,48.0
210,73GicaeMo_E,338.0,119.0,143.0
211,74zJ4scJzNs,193.0,220.0,286.0
212,76WkDuiAjeY,212.0,104.0,384.0
213,78hbYimcl9c,189.0,81.0,83.0
214,7AQ8uAx0ZU8,80.0,,5.0
215,7EtMqijwZhs,186.0,148.0,266.0
216,7GmcH_Lmkvw,98.0,4.0,31.0
217,7HDfCN6ZTuQ,375.0,69.0,156.0
218,7KHvKzpsQrA,61.0,19.0,20.0
219,7KS2oJPzeZk,341.0,87.0,272.0
220,7KbjNfCV-lY,108.0,8.0,84.0
221,7KrANPZhoFI,229.0,12.0,196.0
222,7LfBoTAzjxM,28.0,74.0,70.0
223,7QGTDFtD1p8,46.0,21.0,33.0
224,7TN09IP5JuI,279.0,40.0,181.0
225,7Whm5ySvDZI,71.0,31.0,98.0
226,7YAAyUFL1GQ,346.0,108.0,346.0
227,7bdZn5MKugo,417.0,41.0,242.0
228,7e4vFMJmBIc,239.0,208.0,153.0
229,7gcl6t7P3qw,298.0,106.0,396.0
230,7hOaSFP3n0A,28.0,4.0,14.0
231,7k8PFMQQIxI,68.0,5.0,27.0
232,7ocf8suHnP0,302.0,72.0,226.0
233,7qLrKUtV0Kw,138.0,134.0,159.0
234,7vdNTw3zzEs,100.0,15.0,108.0
235,7wGDvthZ0ng,74.0,207.0,119.0
236,8-M7WA1qX1g,137.0,91.0,172.0
237,85cgOHCUeaA,230.0,165.0,204.0
238,88IdVnUESJw,311.0,150.0,239.0
239,8DJWtGRcFLs,97.0,133.0,270.0
240,8GgqFAXug50,189.0,54.0,157.0
241,8I1B4n_8Cto,355.0,69.0,376.0
242,8JMnfmxA_Qo,170.0,172.0,158.0
243,8Lv3tW7bWzU,147.0,10.0,43.0
244,8NArIVIQ4BI,251.0,81.0,466.0
245,8PDnSzf_TV8,246.0,126.0,228.0
246,8QKP7LXWlHk,215.0,60.0,125.0
247,8QgMh02JvS8,105.0,55.0,140.0
248,8TsNkgW2ox0,98.0,27.0,75.0
249,8V3B85bfVFI,81.0,17.0,102.0
250,8Z01336nDlU,73.0,24.0,103.0
251,8_rUSDGR8wc,6.0,1.0,2.0
252,8hP6WROycAU,293.0,104.0,403.0
253,8mObzt_MX3k,21.0,10.0,45.0
254,8ndhidEmUbI,217.0,189.0,192.0
255,8pB3tiuwFT4,45.0,14.0,41.0
256,8pHPohFezIk,297.0,173.0,224.0
257,8rbUudNk_k0,250.0,195.0,241.0
258,8rhb5wTCero,416.0,82.0,202.0
259,8sDXUWNYwIM,63.0,42.0,50.0
260,8uAyK3xhbUo,6.0,,
261,8z2RgsLSn-c,54.0,12.0,34.0
262,90YP4ntJUQs,208.0,95.0,197.0
263,924olvhb2pU,194.0,31.0,149.0
264,9Bag15jvLuk,61.0,43.0,80.0
265,9CILSvf1snQ,205.0,16.0,168.0
266,9EBgaxFfDA0,145.0,87.0,168.0
267,9HIkG6vMk6E,343.0,78.0,279.0
268,9JhNLoR1zZ8,75.0,9.0,16.0
269,9RSJQV4gTeQ,235.0,6.0,27.0
270,9VjKMTwFXMw,39.0,8.0,353.0
271,9WShamMJaF0,15.0,14.0,24.0
272,9XAUlcrRQSE,215.0,82.0,403.0
273,9XgflsmKnK0,198.0,37.0,165.0
274,9cEk9D1eI1k,79.0,30.0,91.0
275,9cN6Z_mkl_w,170.0,35.0,295.0
276,9fVot8fIX-o,38.0,20.0,42.0
277,9j9RrWgo5rE,201.0,215.0,174.0
278,9k6S9v0FKzI,49.0,13.0,38.0
279,9lx41ak9GWk,2.0,1.0,1.0
280,9m2Ozq_1-jY,281.0,95.0,224.0
281,9mAcJRFfAL0,233.0,81.0,186.0
282,9wRgNPdU7fQ,112.0,53.0,135.0
283,9wacs-xHaFI,28.0,22.0,46.0
284,9yUZTTLpDtk,439.0,95.0,366.0
285,A2cRZL70C0w,293.0,158.0,249.0
286,A41RgTjiLQU,156.0,3.0,41.0
287,A520AWwJ9lQ,12.0,3.0,9.0
288,AAZbviHZVhE,324.0,115.0,261.0
289,AEaKrq3SpW8,151.0,48.0,201.0
290,AGCYh0s7A_Q,12.0,,4.0
291,AHTCnDycWYg,211.0,99.0,290.0
292,AI9gBDrccZ8,48.0,23.0,28.0
293,AJtUuo84JnM,322.0,23.0,155.0
294,AM60_0WmYJ8,38.0,17.0,45.0
295,APHgDFRpCi0,160.0,60.0,580.0
296,APJswxETtTY,95.0,152.0,97.0
297,AQ0b0CRsiVc,74.0,25.0,101.0
298,AQlqgqeyL1U,112.0,8.0,280.0
299,AR4UgRJOUQY,93.0,56.0,151.0
300,ARSNaSeT9hw,285.0,71.0,244.0
301,AUP3uhrM19c,49.0,81.0,113.0
302,AWSNlL0xFm8,18.0,14.0,45.0
303,AX8-YzMKZhQ,164.0,28.0,108.0
304,AYcIaKpqE1k,134.0,64.0,202.0
305,AZDiPT4PuHE,46.0,12.0,142.0
306,AaGVAaGylgQ,422.0,49.0,129.0
307,AdOSUIXlI0I,122.0,18.0,60.0
308,Agctt96kkhM,20.0,,28.0
309,AgnqfXHMnZ8,210.0,145.0,145.0
310,AjioF-ZFDHQ,183.0,120.0,196.0
311,Alp_a88C8dY,106.0,79.0,115.0
312,AmYFFuarQJI,50.0,93.0,39.0
313,Ama7Dc1EgLM,207.0,105.0,188.0
314,Amai7rZpqXg,233.0,116.0,151.0
315,AnCYGSMxWzk,7.0,7.0,
316,AoQMHzkj2x0,230.0,43.0,127.0
317,AoS7AWVqIrg,4.0,2.0,
318,Ap5hoCTkTUM,210.0,88.0,402.0
319,AsQgxPjhqXU,404.0,62.0,125.0
320,Auu9Sxxt5is,128.0,111.0,261.0
321,AuunrD-NDyg,108.0,82.0,210.0
322,Av-BCG0xjS0,176.0,27.0,164.0
323,AxG14lbL2Iw,164.0,88.0,147.0
324,AybOx6RBdRw,117.0,25.0,58.0
325,AzNIUMW_G8M,304.0,164.0,132.0
326,AzWiUQEdJOo,264.0,180.0,255.0
327,B9SptdjpJBQ,221.0,87.0,292.0
328,BBn_fo8NprY,149.0,36.0,215.0
329,BEW_n1922vk,188.0,13.0,99.0
330,BFlk1LehjwA,46.0,15.0,39.0
331,BGOAmt0YI7o,34.0,5.0,19.0
332,BRzPaDMeRks,152.0,33.0,115.0
333,BUaLnDL3f-M,123.0,13.0,64.0
334,BY3SLVNBkeo,303.0,112.0,185.0
335,BcYJ0CRyWaQ,107.0,63.0,130.0
336,BdV0dkx2oik,98.0,108.0,94.0
337,BlBztBP0OAs,226.0,14.0,60.0
338,Bn7ZtoFTm2Y,267.0,32.0,101.0
339,BnouDpcreyI,145.0,99.0,145.0
340,BpT3gx3s0ns,59.0,6.0,35.0
341,BqL9T0_ClUg,154.0,97.0,149.0
342,C-V1uXeyGmg,274.0,55.0,171.0
343,C1i3ESnliMQ,28.0,20.0,52.0
344,C1wa2OyP_so,220.0,114.0,266.0
345,C25qzDhGLx8,84.0,50.0,66.0
346,C6HghxKEz5E,475.0,94.0,31.0
347,C71KYPXiDTw,307.0,75.0,107.0
348,CBzY0xfrHVQ,438.0,69.0,193.0
349,CGN6QXv7sfs,212.0,124.0,262.0
350,CHuuyGoK9F8,244.0,84.0,71.0
351,CI1C_zEVNmI,201.0,158.0,541.0
352,CItEtnp3nPY,39.0,30.0,92.0
353,CYa6VUK2dM0,269.0,48.0,79.0
354,CYoRmfI0LUc,350.0,184.0,365.0
355,Ca3rEOlAfpc,157.0,78.0,265.0
356,CjhhbuDrJ1A,141.0,21.0,38.0
357,CrwmpuwLBiI,384.0,256.0,260.0
358,CsdzflTXBVQ,274.0,104.0,322.0
359,CuXq1hOa8_Y,172.0,145.0,283.0
360,CugyxRLS14s,117.0,51.0,132.0
361,CwfoyVa980U,136.0,45.0,119.0
362,CxHhJdVETDY,308.0,79.0,213.0
363,D1IBXE2G6zw,307.0,81.0,412.0
364,D59v74k5flU,257.0,64.0,379.0
365,D8cf_QBghng,15.0,3.0,82.0
366,DAbDvqPFXvQ,454.0,138.0,308.0
367,DU-oxt3ekZ4,206.0,71.0,23.0
368,DUFBEamEF0Q,218.0,142.0,240.0
369,DUMbf8LUhoU,95.0,44.0,71.0
370,DXpDVVVbczo,286.0,74.0,140.0
371,DeIaemmxMl4,451.0,40.0,109.0
372,DeTu8xSGpEM,384.0,108.0,408.0
373,DmM6G4BvotE,82.0,8.0,10.0
374,DmMk6qGaMSY,93.0,17.0,90.0
375,DtsWj9XiOIY,291.0,26.0,83.0
376,DuPXdnSWoLk,249.0,127.0,372.0
377,E-6LUtmwymo,201.0,26.0,172.0
378,E0u2dKugyMc,147.0,4.0,56.0
379,E2zIK6ktxIk,82.0,44.0,74.0
380,E3DWd2dTiaQ,469.0,67.0,344.0
381,E5Hfl6Nqw3Q,147.0,165.0,288.0
382,E6eRA8PnuW4,54.0,16.0,30.0
383,EKH9TTHgVjA,676.0,82.0,136.0
384,EKoRZe9Fi98,243.0,3.0,54.0
385,ELFu7XGSmqw,189.0,36.0,75.0
386,ENskipCo-eQ,44.0,25.0,531.0
387,EPUHs9cjhOs,319.0,25.0,156.0
388,EQkdqhyKMdk,76.0,33.0,89.0
389,ETR9qrVS17g,159.0,136.0,105.0
390,ETh3xZsLq1U,254.0,36.0,108.0
391,EUoe7cf0HYw,149.0,29.0,122.0
392,EWeJ7OM3mo4,187.0,53.0,160.0
393,EWng8GQ49Fg,77.0,27.0,96.0
394,EXCHJB37llQ,19.0,4.0,84.0
395,EZEi-87vLqE,530.0,18.0,52.0
396,EbthMC6spAE,440.0,88.0,272.0
397,EcdK8J74DSY,35.0,19.0,46.0
398,ErWde9LVg0A,356.0,40.0,104.0
399,F2uJvwiSZAQ,30.0,26.0,44.0
400,F4ELqraXx-U,378.0,90.0,431.0
401,F5D1x-OtGME,123.0,83.0,194.0
402,F6zuGsGsnew,7.0,7.0,44.0
403,F8k999GcfgU,195.0,20.0,285.0
404,FBdyMBRcxeo,110.0,37.0,253.0
405,FIdwrnp0g1k,139.0,34.0,127.0
406,FLWos7210j0,202.0,18.0,329.0
407,FMz_SHidVfk,231.0,139.0,230.0
408,FN5n87Gj0LM,352.0,246.0,202.0
409,FUBXKn1oP0g,336.0,115.0,449.0
410,FdPTvS7EX-o,59.0,23.0,118.0
411,FfRGxN2zeWU,432.0,40.0,228.0
412,FgSSk7xLW9w,255.0,102.0,343.0
413,Flmxl3ZfjVM,87.0,45.0,68.0
414,Fo3fdphQ_O4,27.0,6.0,39.0
415,Fp77pujdLMM,54.0,12.0,34.0
416,FpZ1sIjQrf4,326.0,44.0,330.0
417,FqdsYn9TdWQ,297.0,105.0,198.0
418,FwCCxSS9VkI,40.0,43.0,117.0
419,FwT9nx8GHxE,137.0,149.0,414.0
420,FxBeu7tmjYk,39.0,18.0,26.0
421,FyLtlW3hHwQ,63.0,8.0,29.0
422,FzebOysQeL4,24.0,27.0,49.0
423,Fzz-Pblbvqw,212.0,87.0,396.0
424,G0cDl-vZKkg,343.0,124.0,133.0
425,G1VEccH7jJ8,44.0,14.0,42.0
426,G2Ro2C60378,15.0,3.0,4.0
427,G3fZBW_okks,405.0,55.0,240.0
428,G6LbbzXBwVQ,151.0,6.0,43.0
429,G8SsIMqvdNM,386.0,42.0,172.0
430,G8jxAKmojxY,48.0,18.0,34.0
431,GA-Ct46xL7k,25.0,18.0,56.0
432,GDF5J6OQTU4,106.0,60.0,220.0
433,GEmQaOLk9Gk,39.0,29.0,32.0
434,GJYCmnSn1vo,180.0,112.0,208.0
435,GL5y_H39KXQ,37.0,36.0,45.0
436,GLEFvV6K0ss,48.0,22.0,102.0
437,GMMigjW3q78,134.0,166.0,168.0
438,GO6qs83CHpc,260.0,102.0,338.0
439,GRDoasFyesU,301.0,130.0,169.0
440,GTawLgr1W0w,34.0,12.0,54.0
441,GTfnzOgjRZ8,207.0,91.0,238.0
442,GVvqt-8-fz0,414.0,43.0,142.0
443,GWKI-CoCCTU,337.0,51.0,212.0
444,GXoigp2LFnY,468.0,27.0,105.0
445,G_SjnHwxWMU,185.0,108.0,307.0
446,G__NGBkVhkE,23.0,,54.0
447,GclVn6jCtew,255.0,7.0,38.0
448,GdiNiqgaMhM,144.0,15.0,41.0
449,GlqXtCOaKb4,84.0,91.0,138.0
450,GoJsr4IwCm4,108.0,41.0,51.0
451,GpAuCG6iUcA,80.0,119.0,201.0
452,GtBcWxjioiM,320.0,30.0,150.0
453,GttcbM4GxLo,384.0,49.0,267.0
454,GuEQtn2nm9A,165.0,90.0,145.0
455,Gv69uNr3Tf4,371.0,72.0,256.0
456,Gw01t6btiR0,115.0,9.0,76.0
457,Gx79I586J5w,23.0,20.0,64.0
458,H-Giz8clz1w,261.0,41.0,298.0
459,H2AYOJ2K8MU,31.0,40.0,29.0
460,H2s0lDFK89E,208.0,37.0,155.0
461,H3YE_oGD05M,215.0,25.0,60.0
462,H4gFlDn6c0c,107.0,31.0,137.0
463,H7ojygIbMYk,353.0,92.0,252.0
464,H9KaqCBEvvg,43.0,14.0,37.0
465,HETDClwTAuA,197.0,94.0,143.0
466,HIdRXXjIthQ,299.0,56.0,145.0
467,HRr8GRgOGAc,133.0,63.0,203.0
468,HUUsEgAe8x4,275.0,91.0,334.0
469,HUgYoT_xEFY,596.0,62.0,142.0
470,HcedcEr27ZU,36.0,4.0,16.0
471,HjMTqZA6un8,53.0,26.0,21.0
472,Hk1tNaXzCVo,69.0,17.0,94.0
473,HqHQFm5L6Zc,273.0,110.0,317.0
474,Hs2rDAuj7n8,431.0,33.0,136.0
475,HsiWOp-ImoE,286.0,64.0,250.0
476,Hte0les8ZH8,425.0,71.0,104.0
477,HuoOEry-Yc4,172.0,58.0,370.0
478,HyDpetSeXtc,89.0,138.0,87.0
479,I1XJEhgJlKQ,144.0,40.0,116.0
480,IA9vLOmFyp4,215.0,10.0,75.0
481,IFKkcaj0kAE,160.0,76.0,64.0
482,IHi5jq2P_Zk,284.0,25.0,191.0
483,ILDy6kYU-xQ,69.0,24.0,107.0
484,ILnm4SGBU3g,330.0,48.0,222.0
485,IM-GV2GfqUs,371.0,185.0,232.0
486,IP81Je7APoQ,38.0,34.0,28.0
487,IRGEpm1AXRM,22.0,16.0,26.0
488,IRdrt8nPyy8,313.0,170.0,407.0
489,ISKdzjFSVVA,6.0,2.0,9.0
490,IUkNNDg18mY,234.0,117.0,249.0
491,IXJlM_euB4w,138.0,13.0,149.0
492,IYvEhgYy35I,361.0,58.0,381.0
493,IcLbHUBoDpI,34.0,6.0,27.0
494,IcYbVguyp6w,124.0,8.0,64.0
495,Ig-9RDH5dZ0,47.0,14.0,39.0
496,ImwYgOvb1cQ,53.0,9.0,38.0
497,IpJ1RyOWOUI,189.0,45.0,166.0
498,IqLi6Pn_rVo,309.0,44.0,147.0
499,ItCqCuJUjxA,42.0,38.0,19.0
500,Itd_DFAw8OE,62.0,25.0,113.0
501,IwiQGsFbJEc,34.0,48.0,218.0
502,IyDwZVvdN9M,43.0,11.0,46.0
503,J4Td-_OQ0jo,34.0,15.0,51.0
504,J4qvZiJeglY,336.0,35.0,129.0
505,J701ucIsrrk,41.0,18.0,41.0
506,J7MYJ8Kxhwc,332.0,97.0,371.0
507,JIq6dXEvGvY,147.0,116.0,102.0
508,JKGdQjx-_BI,14.0,3.0,12.0
509,JLgUdZ5_CDg,181.0,59.0,124.0
510,JQzMUNt7AfQ,53.0,11.0,35.0
511,JV1NB70gLQI,119.0,75.0,206.0
512,JWEwib4VQgs,129.0,15.0,56.0
513,JY1ZCn2Ou-A,266.0,50.0,484.0
514,J_qs-CH715g,326.0,70.0,304.0
515,J_ub7Etch2U,454.0,110.0,336.0
516,JcI8yn7xQWo,222.0,110.0,268.0
517,JdqUUKEATiw,77.0,42.0,81.0
518,JgYfZAjOgEM,361.0,54.0,185.0
519,JhyTKIwar1k,224.0,86.0,290.0
520,JlndAKOYDUQ,243.0,38.0,218.0
521,JmWfY4nb6oM,260.0,68.0,372.0
522,JpCuIahlvR0,98.0,74.0,526.0
523,Js8UXDe93yM,142.0,428.0,230.0
524,JsTptu56GM8,311.0,114.0,175.0
525,JvUGfF0iYtU,219.0,139.0,242.0
526,Jwd1AKFLvJQ,15.0,1.0,7.0
527,JzwC0Ay7Afk,121.0,26.0,53.0
528,K1Oylqxm9JY,15.0,12.0,9.0
529,K20YGjVkZRw,249.0,25.0,26.0
530,K2SCpgCurVQ,5.0,,6.0
531,K3U7Z94NHgg,198.0,53.0,246.0
532,K9Qn3Gzm2ig,189.0,10.0,86.0
533,KBk0-QDjWfA,56.0,6.0,38.0
534,KCNvREKTnQc,402.0,255.0,326.0
535,KEJKtxib4yA,327.0,105.0,243.0
536,KFOZbLzp68c,195.0,150.0,249.0
537,KGb5yAdkcFw,286.0,103.0,311.0
538,KPqtlI3aJIE,424.0,44.0,232.0
539,KQc7a_5G0pI,130.0,44.0,126.0
540,KUH0KQ1qMiw,157.0,99.0,144.0
541,KXwgUbuFF3M,101.0,40.0,159.0
542,Kh7SsMrHfDo,187.0,72.0,141.0
543,KkQdnJK1iF8,33.0,60.0,37.0
544,KlnLDOUVbtA,43.0,22.0,35.0
545,KmimSFVYklw,128.0,28.0,144.0
546,KnthjyYsk-8,218.0,122.0,160.0
547,KuPGRc6EKCo,92.0,48.0,60.0
548,Kwo_Ucs-wc4,398.0,100.0,302.0
549,Kz-3PgnD1vM,189.0,36.0,275.0
550,KzMbSDbNpiM,334.0,83.0,183.0
551,L-zZFZiRsTk,425.0,103.0,272.0
552,L1yWH6QSP4k,179.0,254.0,167.0
553,L4titplowQY,60.0,16.0,56.0
554,L6QAx5mqFKU,291.0,94.0,215.0
555,L87l9-2B0ug,36.0,27.0,37.0
556,L9IDqn-qt98,9.0,13.0,189.0
557,L9x9V1y_8YQ,99.0,32.0,67.0
558,LAs5AqpMn4E,401.0,164.0,135.0
559,LBLGo2y_BBU,257.0,101.0,342.0
560,LDcm6twPEJA,315.0,161.0,224.0
561,LEwDlshW-tA,339.0,63.0,98.0
562,LGAfo5unZaw,162.0,47.0,191.0
563,LHR2gzqUp5M,114.0,70.0,216.0
564,LHVLRxtJiyY,19.0,17.0,64.0
565,LJyin-yC0Gg,73.0,25.0,102.0
566,LLGENw4C1jk,308.0,158.0,134.0
567,LP4qYyTPyl4,316.0,75.0,209.0
568,LSYc5HvyXKo,580.0,43.0,177.0
569,LTnl36-0-zU,140.0,48.0,112.0
570,LTosB6V_V24,432.0,85.0,183.0
571,LVPIM06bMJo,62.0,10.0,28.0
572,LXAU1VqbYbo,269.0,90.0,241.0
573,LcZ2AuvxXNA,312.0,74.0,413.0
574,Lf3ER5Ope_s,80.0,33.0,85.0
575,LgdUntA__WQ,150.0,117.0,133.0
576,Lj8_2k2R7dQ,12.0,,
577,Lk7iJthBk6I,415.0,108.0,277.0
578,LlL_IAZ6Dr4,211.0,185.0,270.0
579,LolP3Y7_Irs,375.0,55.0,370.0
580,LunHybOKIjU,417.0,321.0,462.0
581,Lx1KYzpdtLk,237.0,18.0,45.0
582,LyrQog0JXOA,84.0,69.0,147.0
583,M0Elz3UTNp8,231.0,152.0,217.0
584,M16CGK1T9MM,228.0,316.0,356.0
585,M2bUl404n_Q,323.0,84.0,193.0
586,M6XiFKB7j0w,195.0,187.0,218.0
587,M6dtKk-UrWw,383.0,93.0,124.0
588,M7XdnYiQKjQ,436.0,39.0,125.0
589,MAaOyRot_2s,284.0,104.0,512.0
590,MBdVXkSdhwU,267.0,54.0,479.0
591,MEeYxlTw6b8,227.0,118.0,155.0
592,MFoODeZfSD0,193.0,118.0,389.0
593,MHMdv2D7ndc,352.0,103.0,245.0
594,MKMgoXEpO-E,300.0,60.0,140.0
595,MPH0kUixvyo,45.0,7.0,48.0
596,MTlk0ioNTlM,9.0,20.0,14.0
597,M__3bfhLRNk,161.0,62.0,177.0
598,M_aY0YlQdSM,132.0,76.0,92.0
599,MbOFUsw-dqQ,321.0,65.0,113.0
600,MdzGZv3zQ-U,168.0,56.0,76.0
601,Me72dNRpjcU,302.0,65.0,333.0
602,MeGyZJiB-FQ,152.0,101.0,347.0
603,Mf27iEM5YWw,466.0,15.0,219.0
604,MfYdzj16SSY,66.0,87.0,63.0
605,Mhfg2lVpW8k,168.0,80.0,152.0
606,MhvqbRjrUIE,21.0,6.0,6.0
607,MiQYQQcG1HQ,125.0,52.0,123.0
608,MiZCudqoFAU,144.0,118.0,138.0
609,Mq9dxmh6JiE,191.0,78.0,131.0
610,MrujGOjzUI4,280.0,102.0,318.0
611,MtOiRhapfFE,40.0,15.0,45.0
612,MuhbA_bB418,190.0,111.0,395.0
613,Mw5T62dJzhQ,84.0,24.0,92.0
614,N1bJ5Vv3iUg,259.0,129.0,412.0
615,N7DWig025Ig,144.0,5.0,51.0
616,NB2dTxW7Yis,411.0,45.0,144.0
617,NCFO5eifDtg,87.0,43.0,70.0
618,NDGID7tOaK8,245.0,88.0,367.0
619,NGPK44en2ME,15.0,1.0,84.0
620,NGoOVpA-pQM,56.0,23.0,21.0
621,NIpEbO-M6bY,55.0,160.0,85.0
622,NPovS8i2WDo,54.0,5.0,41.0
623,NRjDqw1w7k8,35.0,9.0,56.0
624,NSFXDaMFUN4,44.0,48.0,134.0
625,NScRroPKo7o,407.0,210.0,83.0
626,NblX4E8Svag,143.0,13.0,44.0
627,NeSzAJv6naY,99.0,101.0,100.0
628,Ng5OHYQ8FII,52.0,18.0,15.0
629,NhNxeEAt41A,173.0,119.0,108.0
630,NheUm_izr6A,124.0,2.0,38.0
631,Nkddddt_IVE,183.0,102.0,115.0
632,Nko0mn3r-eM,99.0,23.0,78.0
633,NsjsmgmbCfc,139.0,25.0,135.0
634,NxHVjqMGKrI,71.0,8.0,21.0
635,O-OLBx_gNd8,333.0,185.0,322.0
636,O-SPsvtsfrw,18.0,12.0,21.0
637,O12Rt0JSDpA,89.0,18.0,93.0
638,O23RPDMdEg8,127.0,17.0,56.0
639,O3D8d2QNShY,20.0,16.0,164.0
640,O3DlZR078Q4,163.0,103.0,134.0
641,O4SGIQVbu_o,90.0,10.0,100.0
642,O9kQY4I2AOI,248.0,139.0,213.0
643,OCDo5yQDnro,254.0,98.0,236.0
644,OCtCmqoP2RI,224.0,25.0,151.0
645,OI4W8SJOVt8,44.0,34.0,22.0
646,OIAp8atjuTs,38.0,24.0,41.0
647,OMW_dPtm7Bo,112.0,67.0,121.0
648,ONt_ajHfSiw,153.0,127.0,320.0
649,OOwfl8yY7nc,352.0,204.0,244.0
650,OWcF-AttnBU,61.0,21.0,32.0
651,OYTTfCVXFSg,42.0,10.0,15.0
652,OY_cUBpDoiI,196.0,104.0,599.0
653,OZAfse9Pb4c,169.0,115.0,416.0
654,OctiAjHyn_o,235.0,163.0,102.0
655,OdbMKQGPQ5U,52.0,28.0,120.0
656,Odoe1qVkcJ4,179.0,221.0,100.0
657,OeRx4G8Gxnw,66.0,54.0,184.0
658,Oh4WURZoR98,135.0,99.0,254.0
659,OlfF7Ct9y7I,68.0,11.0,21.0
660,OthEKbkPftk,76.0,61.0,91.0
661,OudFElslbh4,201.0,21.0,178.0
662,OzNj7YdkVDk,97.0,83.0,220.0
663,P00HMxdsVZI,80.0,25.0,95.0
664,P1HFdopKDro,180.0,73.0,147.0
665,P3MBQciFeHo,276.0,91.0,233.0
666,P4bSgkCQ4cI,286.0,92.0,322.0
667,P776CtTlYzs,241.0,127.0,232.0
668,P9XyzipzINg,22.0,68.0,110.0
669,PHpMh4E4KKQ,113.0,16.0,36.0
670,PInMw_UmlHQ,77.0,40.0,183.0
671,PJrvXd2J_2c,260.0,252.0,287.0
672,PJsJ96yyVk8,298.0,84.0,118.0
673,PLDJQondOQE,281.0,45.0,374.0
674,PLyMj7k5Ths,322.0,55.0,323.0
675,PNPMEQm_vAI,178.0,22.0,400.0
676,PPg1gN_ey2o,87.0,24.0,89.0
677,PRXoekKxu4o,87.0,8.0,12.0
678,PTuu7r9imtw,42.0,,5.0
679,PbGSiJ9iat8,112.0,27.0,61.0
680,PbW14E2eHJ0,336.0,65.0,399.0
681,PgEC7yHHXdM,150.0,64.0,86.0
682,PgeJ0XYuI2E,461.0,66.0,273.0
683,PmG4AYsPHfA,171.0,91.0,438.0
684,PnbKgdNUPlM,154.0,29.0,117.0
685,Pxojz6grwcU,130.0,219.0,151.0
686,Q07Cp6tswnQ,283.0,40.0,377.0
687,Q0CbN8sfihY,413.0,204.0,582.0
688,Q0O_5lVrMfs,150.0,49.0,201.0
689,Q0RVBTb6wTQ,47.0,30.0,23.0
690,Q1eQw4ycgQM,84.0,20.0,109.0
691,Q2Ku7ELCBag,292.0,39.0,269.0
692,Q4jzFEC1Fyk,212.0,72.0,316.0
693,Q7o163QU8CE,224.0,10.0,66.0
694,Q8PSzByBGpU,46.0,24.0,30.0
695,Q9ZxQ-5vZLE,55.0,,49.0
696,QB5JOnDYeHY,186.0,69.0,245.0
697,QBGaO89cBMI,324.0,87.0,389.0
698,QCI_yhwQQgA,16.0,2.0,21.0
699,QDy6HUhC2VA,12.0,7.0,81.0
700,QG9U_41ZXCU,60.0,10.0,30.0
701,QGEt1UctaO4,175.0,63.0,362.0
702,QKy1OazdMD0,90.0,56.0,98.0
703,QLzIzBp7_RE,133.0,20.0,47.0
704,QQP6c_xLetk,209.0,71.0,320.0
705,QeBCu1ZSORs,362.0,87.0,551.0
706,QeaumjX9DNY,8.0,7.0,85.0
707,Qg7YzqCRoZ0,375.0,100.0,325.0
708,QlRWZuKPVoo,65.0,18.0,117.0
709,Qp0J7P62NFU,104.0,55.0,141.0
710,QtANwxed36M,32.0,26.0,42.0
711,QuEuV9F22N0,41.0,22.0,37.0
712,R00hChXPBE8,29.0,28.0,43.0
713,R1ZXOOLMJ8s,202.0,91.0,307.0
714,R3dQpGJQI18,220.0,43.0,137.0
715,R4UbWxXKUVM,296.0,39.0,65.0
716,R8NeB10INDo,245.0,85.0,170.0
717,RBRsCtVo8J8,95.0,31.0,74.0
718,RE-far-FvRs,247.0,89.0,264.0
719,RHrUESiJBl0,34.0,18.0,53.0
720,RIz3klPET3o,431.0,68.0,201.0
721,RJuqdTXhDX4,196.0,134.0,170.0
722,RLmqKBRqyA8,332.0,95.0,270.0
723,RRJF5grnAEU,55.0,15.0,35.0
724,RaKxVWJxA2U,231.0,165.0,404.0
725,RbXYadQw1C4,326.0,22.0,52.0
726,Rew50oYjRqA,166.0,27.0,107.0
727,RfG7VvIrk-c,3.0,17.0,28.0
728,RgskTJ27hPY,71.0,39.0,134.0
729,RlduVwzqK2o,340.0,17.0,143.0
730,RpE_vEzZYD0,575.0,96.0,229.0
731,RrmGrkuiY50,47.0,8.0,31.0
732,RsCsBqIlnHw,336.0,31.0,133.0
733,RsG37JcEQNw,205.0,104.0,191.0
734,RwWxyynb_sA,451.0,62.0,180.0
735,RxIh_0q524c,278.0,28.0,194.0
736,S0cGltz5gFc,545.0,69.0,186.0
737,S64VJiCGMIk,203.0,100.0,296.0
738,SGuUAtJ8yMM,282.0,49.0,164.0
739,SHgbU1938SE,121.0,17.0,62.0
740,SHobkpQ9GOM,151.0,47.0,102.0
741,SHq2qrFUlGY,182.0,40.0,578.0
742,SIyW-80e_v4,204.0,27.0,69.0
743,SNGWh_-R1VE,227.0,157.0,216.0
744,SPZFN6VFFow,164.0,162.0,174.0
745,SVOuY7hoqEs,176.0,146.0,78.0
746,SVyVAJPHob4,254.0,169.0,275.0
747,SY0nJ1v5U5M,203.0,38.0,159.0
748,SYUDTKBNdZc,33.0,7.0,48.0
749,S_9OSktlm6s,152.0,71.0,277.0
750,S_DltnHeJ-M,354.0,48.0,198.0
751,S_dN5PviiWI,208.0,53.0,139.0
752,Se1MGhkpfg4,135.0,7.0,58.0
753,SeUyzOP3mys,594.0,89.0,217.0
754,SmTvoFcy4_Q,296.0,122.0,382.0
755,SnSR3LIXE0o,226.0,17.0,205.0
756,SpzeQ1Z3Ut0,33.0,32.0,35.0
757,StU-61439s0,37.0,6.0,57.0
758,SzBCJKmpoyg,191.0,103.0,206.0
759,T24uu3ZOllQ,94.0,45.0,86.0
760,T2RUYYs8Hxc,285.0,102.0,105.0
761,T510giCohSw,5.0,5.0,10.0
762,T58NGMrUp0M,140.0,62.0,198.0
763,T6iLJTy6LNQ,34.0,18.0,48.0
764,T6lon9-8Fck,52.0,25.0,23.0
765,T9Lq2RNABTc,160.0,10.0,30.0
766,TAkfpRPcZOw,67.0,27.0,55.0
767,TE1ZoBI1qj4,115.0,30.0,260.0
768,TE4yRty0bx8,296.0,118.0,286.0
769,TF0TRv7Fw94,207.0,107.0,385.0
770,TFKQQSFoUzg,23.0,25.0,152.0
771,TH2QRvu97NI,434.0,84.0,282.0
772,TLfwSd-tLcM,93.0,48.0,159.0
773,TNhyrPaGFYQ,143.0,92.0,465.0
774,TO0JueyL1Qc,68.0,14.0,118.0
775,TO5cYWd12lQ,251.0,56.0,193.0
776,TPnuT2TLvLQ,63.0,15.0,86.0
777,TV-_Yuc228s,113.0,20.0,67.0
778,TW1O_Ydlk60,190.0,39.0,171.0
779,TYR_7CeO39E,358.0,86.0,355.0
780,TZtEVh6Wrgg,109.0,55.0,189.0
781,T_PuZBdT2iM,228.0,173.0,399.0
782,TaFlyFkZvM4,274.0,139.0,287.0
783,TeSoGKTZQl8,455.0,39.0,206.0
784,TieEBM7wumc,115.0,13.0,67.0
785,Tj08Ni3tklw,44.0,15.0,41.0
786,Tl3rLm4eXyQ,141.0,41.0,56.0
787,TltKWHiBZ1M,344.0,179.0,277.0
788,Tm8LGxTLtQk,276.0,107.0,317.0
789,TngCi2s5rmk,178.0,105.0,317.0
790,ToUXPpIHsNc,373.0,38.0,89.0
791,TqG3syU5H7E,271.0,41.0,88.0
792,TrMTFvHDv2o,59.0,39.0,102.0
793,Tu56ENinU9w,130.0,321.0,249.0
794,TxIO9IiU8A0,50.0,12.0,33.0
795,U1bpztJkdzk,132.0,28.0,240.0
796,U2CqZNd6rgM,43.0,1.0,56.0
797,U3sE8SH-Qic,184.0,27.0,172.0
798,U9E2olGqUlU,114.0,77.0,140.0
799,UApJ0enDJTs,140.0,8.0,52.0
800,UBWHlCJLKIU,27.0,21.0,252.0
801,UCrBICYM0yM,241.0,124.0,235.0
802,UIATkLb3MaA,151.0,49.0,100.0
803,UJPjoSuwuos,73.0,60.0,167.0
804,UNSOt_ij8E4,304.0,71.0,125.0
805,UONnRMuuDps,341.0,91.0,468.0
806,URiZddyEc7k,110.0,51.0,214.0
807,UVjRG6roqsg,11.0,13.0,13.0
808,UX7bxe2whlw,38.0,18.0,44.0
809,Uc32z-wgxU4,337.0,74.0,289.0
810,Uiccgh2GXzs,361.0,100.0,239.0
811,Uk0dcjv1NDs,99.0,86.0,115.0
812,UkMZJrbCRdQ,251.0,144.0,205.0
813,UpONjs5kLPc,6.0,2.0,36.0
814,Upqp21Dm5vg,98.0,25.0,77.0
815,Uw3eeaFT5Rw,233.0,6.0,61.0
816,UxrTnLgO1YM,251.0,68.0,180.0
817,V-dCijSCKZY,535.0,70.0,95.0
818,V2ImFLZpIJk,150.0,139.0,411.0
819,V3Hjn92UG_o,311.0,98.0,291.0
820,V3jY8-VzSEA,27.0,7.0,66.0
821,VAKs3gaNGqo,292.0,29.0,179.0
822,VBoFYQuBq_A,338.0,126.0,231.0
823,VCVjbrt30tY,117.0,38.0,145.0
824,VCWVRo_l26o,59.0,,64.0
825,VEoITVHfyGg,144.0,45.0,111.0
826,VFM0UqX9MJ8,186.0,60.0,253.0
827,VH1RwkrHPvA,265.0,178.0,257.0
828,VHG7mHKwQqA,305.0,178.0,217.0
829,VIlqTS96NFY,241.0,20.0,39.0
830,VJ4yhjTkuNE,240.0,99.0,161.0
831,VKuvYk-FsPM,159.0,55.0,186.0
832,VLdTVexvJ5Q,50.0,21.0,15.0
833,VOaOjc2crx4,10.0,4.0,6.0
834,VOvSXVkQw3g,110.0,34.0,56.0
835,VPo2k2z7Xqg,286.0,73.0,241.0
836,VRADv2uRQao,120.0,118.0,62.0
837,VSrEIdhrXB4,234.0,107.0,259.0
838,VSulFZ7XJ1U,57.0,51.0,92.0
839,VU9QftScl5U,15.0,2.0,12.0
840,VUAP3ifwAl0,266.0,32.0,102.0
841,VVFXM0KtvwI,281.0,194.0,225.0
842,VW0NKeRo3_U,6.0,1.0,
843,VWLTBjsm4Po,165.0,102.0,233.0
844,VX9IAt75P28,331.0,80.0,389.0
845,V_U6czbDHLE,215.0,59.0,226.0
846,V_dsWL6VcjU,173.0,41.0,386.0
847,VfjjiHGuHoc,191.0,118.0,291.0
848,Vjbqe7agCz0,39.0,18.0,43.0
849,VsXu80J31uc,178.0,147.0,375.0
850,Vx0oRAg47Bo,331.0,115.0,354.0
851,VzPD009qTN4,363.0,124.0,313.0
852,W1N7M4kd_yU,236.0,20.0,244.0
853,W3v4J5tUcKs,27.0,9.0,36.0
854,W4YZIAtS-S0,119.0,38.0,143.0
855,W9u297hArbI,73.0,71.0,56.0
856,WAwRqecvMSY,84.0,62.0,154.0
857,WDHaHHJLOzs,66.0,69.0,149.0
858,WDWlzSgBbx8,159.0,25.0,83.0
859,WFVM5NVqQpM,286.0,158.0,156.0
860,WHvT-oGf6ik,158.0,40.0,102.0
861,WIUx-Ym0I2A,253.0,68.0,279.0
862,WIvNe569Q9g,147.0,56.0,97.0
863,WJWNhuUUKds,247.0,52.0,137.0
864,WMAtfhATTLg,404.0,64.0,332.0
865,WNZTec6BbOU,67.0,10.0,23.0
866,WPlx5BmZVkQ,94.0,27.0,79.0
867,WRplVmpZCa8,164.0,92.0,144.0
868,WSFJsq_jwMs,370.0,49.0,281.0
869,WY9xOHquZrg,87.0,25.0,88.0
870,WYYvHb03Eog,242.0,133.0,325.0
871,WYfIn4ggDAg,444.0,35.0,215.0
872,WYkil1tblt8,183.0,99.0,118.0
873,WYoWaouvXXA,187.0,32.0,181.0
874,WZkGjxy-fz0,300.0,56.0,244.0
875,WfjZ1otkS3o,269.0,197.0,230.0
876,WgGNWs9u3eY,28.0,37.0,35.0
877,Wgs2ahWHjHQ,61.0,3.0,36.0
878,WoPtuVbaSKQ,129.0,29.0,242.0
879,Wp21hAL1mOU,176.0,88.0,336.0
880,Wp2TUPo5W0c,347.0,111.0,142.0
881,Wq2nyYLv978,316.0,24.0,60.0
882,WqDbQbAEWsI,11.0,1.0,5.0
883,WrsFXgQk5UI,18.0,26.0,56.0
884,WtpX1nMdg8Y,309.0,28.0,163.0
885,Wv3RpLvPasE,44.0,9.0,36.0
886,X0U8Awfizoc,43.0,14.0,43.0
887,X2hNYy6QkKM,190.0,46.0,143.0
888,XA_jAJ-dWyQ,185.0,25.0,190.0
889,XAov8XJkpE8,157.0,75.0,152.0
890,XBGCYqRInM8,140.0,45.0,115.0
891,XE5D_Z1MmBA,231.0,160.0,409.0
892,XIUGqfTkaWk,351.0,58.0,190.0
893,XJK8GXVvKkA,35.0,14.0,51.0
894,XKvXg2NlNZ4,35.0,8.0,57.0
895,XM23h-eJ08A,179.0,23.0,498.0
896,XMLFHjlxh7Y,95.0,46.0,454.0
897,XMqJh_SRhyI,14.0,22.0,51.0
898,XPEXW0eGDiU,308.0,58.0,34.0
899,XPqko6Q0lpE,205.0,195.0,200.0
900,XQFeShp6UIY,42.0,30.0,28.0
901,XV1EkoGWong,257.0,64.0,379.0
902,XYpWaACwZnw,200.0,263.0,337.0
903,X_PZvUM8P_U,186.0,234.0,180.0
904,XaX2rmnH_E4,8.0,,24.0
905,XlP_jnRbd4c,60.0,52.0,109.0
906,XpVt6Z1Gjjo,211.0,137.0,352.0
907,XsFitrO-nYk,168.0,85.0,141.0
908,Xul7ku1XxRY,340.0,118.0,306.0
909,XxBeaZX99b8,56.0,26.0,24.0
910,Y12lF3cYufo,130.0,66.0,204.0
911,Y2GVVC_cD_E,311.0,100.0,389.0
912,Y2X22e591To,31.0,9.0,7.0
913,Y5fwGxJjn5E,275.0,61.0,196.0
914,Y61Q5w8qdSw,212.0,168.0,220.0
915,Y8iLSvx6-tg,111.0,42.0,144.0
916,Y8kAZAQ5dX0,298.0,60.0,442.0
917,YAD1gCeYzoQ,73.0,10.0,17.0
918,YJSyc7f0GHw,324.0,53.0,323.0
919,YL9uHq4HsQI,324.0,198.0,478.0
920,YLM2gl8RGj0,132.0,48.0,120.0
921,YNooxN3AzBw,55.0,105.0,140.0
922,YP86epnpxUY,132.0,103.0,165.0
923,YPVcg45W0z4,346.0,132.0,317.0
924,YPdZ0p_nlmk,155.0,54.0,91.0
925,YQYslaA1Lus,205.0,70.0,125.0
926,YS3CrLG8dEg,51.0,58.0,91.0
927,YSVlSmZWzm0,318.0,132.0,250.0
928,YYmlI7yT9cg,169.0,32.0,299.0
929,Y_IuRdyDrdM,363.0,83.0,348.0
930,Ybbii2XIavU,249.0,34.0,117.0
931,YdISgHQJThQ,85.0,32.0,283.0
932,YeF_MnDfqmI,62.0,18.0,55.0
933,YgEjI5PZa78,351.0,63.0,86.0
934,YivoIqpCf_s,203.0,46.0,164.0
935,YjtRY28Pe2o,200.0,45.0,43.0
936,YmnxIsRn5nw,58.0,10.0,32.0
937,YneqewcVLVY,348.0,102.0,150.0
938,YrTKLZi6rqk,290.0,45.0,165.0
939,YsRiwT3RWyE,3.0,6.0,30.0
940,YwlNtzq2k1M,73.0,12.0,14.0
941,YxC70Nr9ViU,394.0,114.0,189.0
942,Z-LmHjkN2EU,126.0,209.0,264.0
943,Z-zdIGxOJ4M,211.0,43.0,146.0
944,Z0mzCVe_onw,447.0,53.0,300.0
945,Z2vpNdieJZM,108.0,32.0,60.0
946,Z3vonkAB8Ks,188.0,29.0,83.0
947,Z4QcwsEbKyo,309.0,212.0,179.0
948,Z4WNpw_3T6Q,27.0,7.0,66.0
949,Z4zXQV94foU,246.0,43.0,311.0
950,Z5ijKVGjsh4,77.0,23.0,96.0
951,Z7R8XRKqHAI,605.0,54.0,241.0
952,Z8aN5L-oDOw,130.0,36.0,134.0
953,Z9svINZiBdU,428.0,39.0,233.0
954,ZBExj2SlNTw,39.0,8.0,153.0
955,ZBfECZe6Kys,22.0,32.0,246.0
956,ZFF392vAMN8,226.0,72.0,402.0
957,ZHTdmMJtY5E,188.0,61.0,51.0
958,ZQK1F0wz6z4,281.0,109.0,310.0
959,ZQUBjoGm1ls,126.0,148.0,126.0
960,ZT1JsE_YbFs,220.0,46.0,334.0
961,ZVsbuRSmL14,22.0,14.0,50.0
962,ZW4jOlyj-sM,381.0,113.0,206.0
963,ZWTlL_w8cRA,353.0,33.0,114.0
964,ZX6XJ6KjgFA,17.0,5.0,12.0
965,ZYQ1cVRtMZU,185.0,47.0,368.0
966,ZYSjPZUqLdk,210.0,79.0,109.0
967,ZagQci5qTSM,27.0,9.0,64.0
968,Zps84AcOxqI,35.0,5.0,40.0
969,ZsYwEV_ge4Y,153.0,34.0,313.0
970,ZudW2Y4qk6Q,169.0,9.0,265.0
971,Zwq-gx1nvR8,2.0,2.0,1.0
972,Zy6vBxqlapw,155.0,23.0,121.0
973,ZyHipL45pwM,233.0,27.0,140.0
974,_-8wedJC7K0,452.0,199.0,49.0
975,_38JDGnr0vA,453.0,68.0,279.0
976,_4PLKxYZUPc,190.0,67.0,243.0
977,_5wCA9OM00o,447.0,36.0,108.0
978,_7khn2VNr-Q,77.0,98.0,36.0
979,_95NxbsbMF4,142.0,58.0,100.0
980,_9gaF8to7Fg,30.0,4.0,66.0
981,_ANP3HR1jsM,115.0,36.0,149.0
982,_DAUmz188l8,303.0,96.0,289.0
983,_Eb9kppyRxc,254.0,81.0,165.0
984,_MEFyG-IE_I,308.0,152.0,140.0
985,_MKJY4vAc5o,229.0,16.0,155.0
986,_NlKTMvnjIc,86.0,64.0,150.0
987,_PRvi816UkA,563.0,85.0,252.0
988,_PVVE2x4y-E,359.0,54.0,86.0
989,_Pom2EYv3NM,251.0,20.0,129.0
990,_StIv9i6as4,246.0,30.0,224.0
991,_SzWAfsdZXY,174.0,67.0,124.0
992,_U51gXXXzkk,498.0,68.0,234.0
993,_YV_shrSaPU,139.0,78.0,383.0
994,_bhvufnPkxc,38.0,24.0,38.0
995,_cIInxTAWMo,9.0,21.0,15.0
996,_cu4FHyCcT8,249.0,85.0,366.0
997,_dJbQayd4MQ,242.0,51.0,307.0
998,_elREWy6f9w,368.0,86.0,346.0
999,_etv7CvfOIQ,397.0,62.0,241.0
1000,_hDZtHqtaTw,133.0,17.0,250.0
1001,_n0Ps1KWVU0,358.0,103.0,339.0
1002,_o8vb1BA_c0,214.0,41.0,345.0
1003,_ux0gRwugto,225.0,33.0,138.0
1004,_yIg9OTys6o,115.0,79.0,206.0
1005,_yZqPN57W3o,10.0,6.0,7.0
1006,a2VRtAFqb4U,171.0,78.0,151.0
1007,a41k9oJN0FI,211.0,136.0,153.0
1008,a60eCadP1Fo,181.0,23.0,96.0
1009,a6V-fKcW5YI,81.0,120.0,199.0
1010,a7Sf_H2cFdM,342.0,43.0,310.0
1011,a8BlSh2ph-c,283.0,214.0,303.0
1012,a9ITIaKzG3A,245.0,94.0,261.0
1013,a9Zi-RhcOGs,222.0,33.0,145.0
1014,aD0CC2dLqLg,28.0,16.0,8.0
1015,aDuB1arf8aE,599.0,78.0,223.0
1016,aHVFmPzr85s,64.0,5.0,39.0
1017,aLWLzUa2Qyk,246.0,81.0,173.0
1018,aMhB9sj3J6Y,201.0,121.0,378.0
1019,aNiIUPwk-sU,200.0,119.0,281.0
1020,aNlUKzO1ThY,162.0,197.0,241.0
1021,aO71OuO_a1E,85.0,21.0,194.0
1022,aVatBKfRUZ8,7.0,,14.0
1023,aZkqHx5uri4,287.0,43.0,170.0
1024,aZoODXrKVSw,355.0,33.0,412.0
1025,aarBJqitCJE,290.0,40.0,270.0
1026,abeF5zQbQEM,223.0,73.0,404.0
1027,adfcVmu1bmM,184.0,22.0,94.0
1028,adgAxnflvOE,168.0,27.0,105.0
1029,aepr6ynzeX4,198.0,36.0,166.0
1030,ahw3WH_UW7M,123.0,32.0,145.0
1031,aizefBpQCKo,126.0,80.0,194.0
1032,ame5L8HJ6i0,173.0,36.0,207.0
1033,arxRliIqOxk,330.0,43.0,427.0
1034,atxOJ_RDjZ4,190.0,28.0,82.0
1035,auoxdQX3xyw,2.0,,2.0
1036,aw28GKtWxBw,235.0,128.0,337.0
1037,azA8Eaaew9o,223.0,167.0,110.0
1038,azAziWHV1_U,8.0,3.0,5.0
1039,b-3YW03RR0I,197.0,23.0,80.0
1040,b-TK7VO-bdQ,117.0,26.0,57.0
1041,b-znn2eQL08,248.0,16.0,136.0
1042,b0O5JtyNqek,235.0,20.0,145.0
1043,b0RyiTp8gSA,39.0,10.0,51.0
1044,b1wlmTNERqE,112.0,11.0,77.0
1045,b5AwD09w0-E,232.0,5.0,115.0
1046,b6utGZQ9Sks,178.0,69.0,153.0
1047,b7xndvitLa8,219.0,72.0,109.0
1048,b88Z3Xa9v4s,12.0,11.0,8.0
1049,bAF8GoqHUCg,354.0,26.0,120.0
1050,bAdqazixuRY,377.0,48.0,175.0
1051,bBduRyX_aq8,1.0,3.0,2.0
1052,bEk3_PfD0hA,155.0,96.0,149.0
1053,bMaEZibICXM,320.0,89.0,91.0
1054,bNcSAISFSZo,124.0,28.0,104.0
1055,bY8-TUD3_Zo,152.0,134.0,214.0
1056,bYq8YHt97J8,132.0,36.0,132.0
1057,bZbI9rmpaEw,330.0,55.0,315.0
1058,ba2wNmoFk30,375.0,66.0,12.0
1059,bd7IGZ6dulM,133.0,98.0,469.0
1060,bhTDq2t6UpM,116.0,73.0,209.0
1061,bjqAvwvZ0w8,164.0,11.0,25.0
1062,bmblT8_9-7U,91.0,32.0,76.0
1063,bp6uJJJMaLs,195.0,86.0,119.0
1064,bpDylTwwunc,329.0,67.0,204.0
1065,brfBImsXR6k,324.0,188.0,288.0
1066,btPqKAGyajM,406.0,196.0,298.0
1067,btSvAjUrBhU,382.0,41.0,177.0
1068,bt__j8v00oY,120.0,32.0,67.0
1069,bu9e410C__I,322.0,184.0,392.0
1070,bukzXzsG77o,31.0,25.0,44.0
1071,bvomHFZO0mk,316.0,104.0,480.0
1072,byA77xkQBEE,317.0,230.0,153.0
1073,bzJNg0BqA7A,331.0,52.0,217.0
1074,c0FjpqLfGN8,153.0,96.0,151.0
1075,c2BcR39AtxE,131.0,60.0,509.0
1076,c3JbJmXInOs,239.0,87.0,274.0
1077,c3pFWJCQy5E,143.0,22.0,35.0
1078,c5vSFtnWkDA,520.0,64.0,216.0
1079,c7ymY8QEB2g,195.0,27.0,78.0
1080,cABm1SlrtDY,91.0,10.0,99.0
1081,cFMnCIoB1wY,169.0,133.0,198.0
1082,cFVRCo6-FUU,259.0,96.0,245.0
1083,cIKDbii1vZI,89.0,13.0,86.0
1084,cKC7EYi2Zyc,157.0,15.0,128.0
1085,cL8Ls0tEMcc,300.0,34.0,166.0
1086,cOboLQMO4tQ,115.0,151.0,132.0
1087,cOlibbx5sx0,92.0,45.0,62.0
1088,cVgQV6v_QKY,100.0,26.0,74.0
1089,cVnkoYiWLgM,89.0,30.0,54.0
1090,cWL4eiCR8FM,36.0,15.0,49.0
1091,c_9iv9HwO5Q,150.0,45.0,105.0
1092,caQdH3D1nuY,6.0,27.0,30.0
1093,cbBMwrdEIdc,158.0,26.0,116.0
1094,ccLXx4DB8ZQ,220.0,181.0,199.0
1095,cfSIC8jwbQs,155.0,60.0,185.0
1096,chfg6YYiQpU,423.0,60.0,117.0
1097,ciXIdvfejn4,119.0,12.0,48.0
1098,ckWQt6cKCx8,103.0,21.0,76.0
1099,ckulh3cSPuU,196.0,14.0,281.0
1100,cq50fkILrwM,435.0,39.0,98.0
1101,cqSlyWXar8I,198.0,101.0,297.0
1102,crSTFbyksFk,12.0,12.0,33.0
1103,crY-q80MfJU,69.0,23.0,108.0
1104,cvaVRlWltD4,130.0,56.0,414.0
1105,cvk18vx-nrY,70.0,42.0,88.0
1106,cxLQAuQsOWI,374.0,50.0,376.0
1107,cxcxskPKtiI,98.0,10.0,192.0
1108,d6a4AGg_TsI,189.0,45.0,108.0
1109,d7C0uEnWxb4,12.0,4.0,8.0
1110,d8U5funnyA8,250.0,128.0,322.0
1111,dB-RqoR_MCI,59.0,9.0,32.0
1112,dDiCuZTjS18,244.0,32.0,122.0
1113,dE9-DgGYZRU,182.0,158.0,560.0
1114,dKUokdVZ_4A,379.0,23.0,198.0
1115,dLJFGq7uwb8,81.0,3.0,16.0
1116,dLjaN5ofNk0,18.0,9.0,29.0
1117,dMAk3PRn5_0,150.0,86.0,164.0
1118,dMsOh7V_5zw,70.0,25.0,105.0
1119,dPvmKeEpzWk,38.0,14.0,48.0
1120,dRX0wDNK6S4,382.0,31.0,187.0
1121,dSQ7Ore4-do,45.0,9.0,46.0
1122,dSdSYmXCPXU,109.0,33.0,120.0
1123,dU72UuhrYzU,174.0,13.0,113.0
1124,dXhDtNRYc4Y,447.0,63.0,84.0
1125,dYLYnuoSrdU,284.0,46.0,170.0
1126,dYstFRuPz8A,300.0,226.0,374.0
1127,doUdRCrK80E,411.0,105.0,480.0
1128,dt__kig8PVU,361.0,102.0,237.0
1129,dw0sjXiU4IE,109.0,3.0,87.0
1130,dwWs7ZnGekc,67.0,40.0,93.0
1131,e2jMJV6UHWU,335.0,41.0,324.0
1132,e4HRUcyMvZY,47.0,16.0,102.0
1133,e7HuSTp_2rA,4.0,2.0,11.0
1134,e7acWkAb1dA,343.0,109.0,148.0
1135,e9m4O1mjk1M,210.0,147.0,241.0
1136,eGFTUTRd_oA,278.0,42.0,80.0
1137,eJB1gcydsbU,97.0,47.0,156.0
1138,eM_FR7I2Ttw,165.0,37.0,98.0
1139,eP_LYrgztRI,345.0,49.0,106.0
1140,eUAFOGdPs2w,42.0,9.0,49.0
1141,eVIezLcwc7s,295.0,75.0,330.0
1142,eYAmnGSmKtw,20.0,24.0,56.0
1143,ec0kn1KdnsM,444.0,64.0,192.0
1144,edMOQR_r2v4,140.0,29.0,31.0
1145,eeJ9sLij59I,14.0,,
1146,eemr5iR-wyc,198.0,204.0,98.0
1147,egrPLSAtMnA,312.0,37.0,51.0
1148,eiGhNN_wReA,143.0,13.0,44.0
1149,emwfEtsn0sE,36.0,27.0,37.0
1150,eol-un2oKSk,162.0,21.0,217.0
1151,equByOb9j5E,200.0,194.0,501.0
1152,erjqKQaXgsw,133.0,55.0,112.0
1153,es1Sqpk_Yyo,99.0,57.0,144.0
1154,esRdPLzmth8,105.0,27.0,168.0
1155,evdxH50J3rs,107.0,35.0,120.0
1156,evvVtqmvE5w,170.0,85.0,245.0
1157,ex2bsB-oaik,73.0,55.0,72.0
1158,eyOHat3p_W4,59.0,13.0,28.0
1159,f-y88NypH2U,427.0,56.0,217.0
1160,f2oUaPFlbW8,338.0,165.0,196.0
1161,f3uF3EpSZMw,212.0,43.0,45.0
1162,f4kmZpXGqlw,185.0,31.0,84.0
1163,f8_slzyQEoM,245.0,36.0,119.0
1164,fAuUd1HiWe4,109.0,34.0,157.0
1165,fBR-MFpVKuc,382.0,170.0,346.0
1166,fEYJt5s4gJk,553.0,51.0,96.0
1167,fIbiV-BpduM,6.0,3.0,48.0
1168,fJiaYnmUw60,69.0,23.0,104.0
1169,fNF4m_Js60s,332.0,33.0,235.0
1170,fQxLlq7lxVM,179.0,11.0,110.0
1171,fS5xHHqW-6E,193.0,24.0,83.0
1172,fUffrvUjwCY,192.0,9.0,98.0
1173,fUtlqtdn1Xo,184.0,141.0,375.0
1174,fY29TX5Po9E,132.0,57.0,111.0
1175,fcubmjoGH7I,362.0,58.0,280.0
1176,fgzPn14B1Nk,267.0,24.0,32.0
1177,fmIGnd98DX4,213.0,72.0,215.0
1178,fs6JjOOIpXk,261.0,101.0,124.0
1179,ftrFGwlYO7w,231.0,32.0,137.0
1180,fu_YIpRnoa8,441.0,14.0,45.0
1181,fwDZ8uhqJg0,445.0,92.0,263.0
1182,g6piCiaGMZs,142.0,52.0,306.0
1183,g7nvSevPSfo,45.0,3.0,52.0
1184,g85RGiOgUtI,332.0,68.0,200.0
1185,g9oCOSvYkWc,67.0,25.0,108.0
1186,gDFZS0BVsBY,296.0,110.0,294.0
1187,gFIUXqcOulA,115.0,48.0,137.0
1188,gG7JEFWQ_18,291.0,67.0,242.0
1189,gIE105f0ejg,209.0,103.0,388.0
1190,gJX2iy6nhHc,26.0,4.0,570.0
1191,gLj21uNEzqA,223.0,22.0,155.0
1192,gOHHQ9WunXs,13.0,5.0,73.0
1193,gOsM-DYAEhY,415.0,67.0,418.0
1194,gQvHtXWlXDE,136.0,22.0,441.0
1195,gURDO9iklQs,89.0,18.0,83.0
1196,gWPHeH0vEp4,114.0,13.0,173.0
1197,gWzPYsSCExM,181.0,57.0,162.0
1198,gYqThW71pc0,236.0,302.0,261.0
1199,g_wuoInNyAI,89.0,28.0,183.0
1200,gm3WDogH4LQ,262.0,48.0,190.0
1201,gmXuUgB7T3Y,248.0,50.0,102.0
1202,gmc4tkVJow8,53.0,22.0,525.0
1203,gqYZLNMDVJc,331.0,68.0,301.0
1204,grmRVWlb1r0,166.0,52.0,182.0
1205,gut423ANiwo,342.0,41.0,217.0
1206,h2lR5Y1Ycl8,18.0,,10.0
1207,h3aFZroZXe4,55.0,22.0,23.0
1208,h4JP6su_mio,126.0,41.0,233.0
1209,h9TlaYxoOO8,350.0,74.0,272.0
1210,hB436YJWCOA,77.0,34.0,89.0
1211,hBaiNeNZGJU,341.0,32.0,127.0
1212,hDYFBB68NSk,190.0,20.0,189.0
1213,hMfIIxf8ADo,412.0,59.0,229.0
1214,hP8_5cJujRQ,299.0,96.0,205.0
1215,hPYxXDYUxRA,277.0,50.0,73.0
1216,hQbeB0YXLhs,552.0,24.0,124.0
1217,hRRnKJwbrcw,80.0,62.0,57.0
1218,hWYZwNRtQ-8,41.0,43.0,416.0
1219,hXGTJgXPhm0,42.0,19.0,39.0
1220,hZmoMyFXDoI,99.0,6.0,295.0
1221,h_58pbU9udQ,259.0,94.0,247.0
1222,ha-OKyNiHNE,459.0,95.0,141.0
1223,hcRMFc3ivgM,57.0,46.0,97.0
1224,he9KF_HkHrA,34.0,18.0,284.0
1225,hhREiAarjVY,39.0,14.0,47.0
1226,hlBAN-vY7y4,539.0,31.0,226.0
1227,hlaV9oSSfeA,175.0,27.0,198.0
1228,hmhlamsHW04,388.0,34.0,177.0
1229,htAqXYmFKgo,295.0,95.0,310.0
1230,htSiIA2g7G8,313.0,54.0,233.0
1231,hwFx0ROBf7o,384.0,154.0,262.0
1232,i2kJUYeb1Kw,221.0,55.0,324.0
1233,i2vugEJgFt4,7.0,2.0,5.0
1234,i4Q9WRsAZeM,259.0,10.0,131.0
1235,i9bkKw32dGw,95.0,55.0,50.0
1236,iALfvFpcItE,207.0,203.0,285.0
1237,iEqgI3iwI2U,325.0,78.0,297.0
1238,iK7lICvUhCI,94.0,24.0,82.0
1239,iKYQN5xMRQg,105.0,128.0,167.0
1240,iKzRIweSBLA,417.0,56.0,226.0
1241,iLJn5IsxOyc,5.0,4.0,19.0
1242,iL_-GwbEP4g,416.0,96.0,286.0
1243,iNDiTyl7ap4,208.0,209.0,280.0
1244,iTRWe2XGEGA,216.0,216.0,368.0
1245,iTUsiJh9PgE,317.0,33.0,150.0
1246,iVC-o8QdokQ,264.0,148.0,188.0
1247,iVzey3LReUU,116.0,157.0,109.0
1248,iXexmZm3_j8,227.0,78.0,295.0
1249,ibHFy-mo4Pw,43.0,17.0,40.0
1250,iptgKv3iApI,183.0,114.0,199.0
1251,ipynkBxtMOc,131.0,5.0,64.0
1252,itGLQk8oY2Q,237.0,16.0,47.0
1253,ittPcR9pN4g,34.0,29.0,13.0
1254,iv1zeGSvhIw,355.0,118.0,227.0
1255,iwGP_FeheLM,202.0,70.0,428.0
1256,j-aIyueKNcY,33.0,9.0,58.0
1257,j6cv-6WuDK0,24.0,34.0,42.0
1258,j6fn3LfIfww,429.0,38.0,133.0
1259,jBVEbbpXOK0,157.0,212.0,131.0
1260,jG2Qf-DIofk,51.0,18.0,31.0
1261,jJeK0p1LanY,146.0,94.0,160.0
1262,jK6BesOrfws,261.0,228.0,305.0
1263,jUrpOg4fBs0,214.0,94.0,487.0
1264,jXQitd7ahV4,433.0,41.0,324.0
1265,jbOEC3kLkjE,78.0,28.0,92.0
1266,jc1_s2c32zs,39.0,7.0,54.0
1267,jd-LLnf55ic,122.0,19.0,159.0
1268,jehAZhrI7oA,107.0,95.0,98.0
1269,jj3zDdqbwTY,124.0,125.0,149.0
1270,jjdKuw2MJww,58.0,13.0,29.0
1271,jl1CzzsNVcg,223.0,141.0,136.0
1272,jmc7aUVKCMA,208.0,123.0,169.0
1273,jpvnPd0Y4MU,138.0,84.0,178.0
1274,jrfLD-yyyhE,216.0,45.0,139.0
1275,jt2OHQh0HoQ,113.0,51.0,236.0
1276,jyAZO-NROiI,5.0,2.0,3.0
1277,k1eYiq_V5cM,269.0,62.0,169.0
1278,k2EIFLJIINA,13.0,4.0,3.0
1279,k3_okqCU1so,411.0,18.0,61.0
1280,k6sWbbZFHPY,108.0,48.0,115.0
1281,k8rV_PI10Vg,134.0,36.0,115.0
1282,kAphgHhlteM,52.0,5.0,43.0
1283,kEmgwMPZ04k,349.0,110.0,441.0
1284,kIhvZjwOb3k,123.0,97.0,76.0
1285,kIssu4XLg00,172.0,62.0,166.0
1286,kKnJzyw4enk,254.0,59.0,160.0
1287,kORGk6s1C_s,153.0,108.0,39.0
1288,kQpq1n8Mopo,259.0,42.0,99.0
1289,kRbZ6NenNDI,44.0,8.0,48.0
1290,kaADp2tc16Q,171.0,154.0,114.0
1291,kaMKInkV7Vs,215.0,133.0,252.0
1292,kardu8vDOJ0,39.0,26.0,20.0
1293,kb2KUnWNCLs,256.0,147.0,96.0
1294,ketCUtFpzNo,59.0,38.0,102.0
1295,khB7YyC4PDc,316.0,128.0,156.0
1296,kk3ZcRtKt6Y,63.0,4.0,43.0
1297,kkY6RV0nVEA,155.0,12.0,70.0
1298,klSWPvDCYoI,43.0,9.0,48.0
1299,krNNMFpA1wY,367.0,79.0,254.0
1300,ks34F2z8HRY,77.0,16.0,107.0
1301,ktc8XDBq93k,131.0,16.0,452.0
1302,kwANDfkOskg,144.0,288.0,468.0
1303,l5emRMah1Q4,35.0,39.0,30.0
1304,l7yxJDFvTRM,161.0,160.0,279.0
1305,lBspB4K-F-c,106.0,24.0,70.0
1306,lCWDTq9eZhY,29.0,26.0,232.0
1307,lCZCWjzQUM8,87.0,62.0,51.0
1308,lIY6zFL95hE,309.0,187.0,304.0
1309,lLN1FwiqGwc,426.0,167.0,307.0
1310,lLOEu9p80rE,433.0,90.0,265.0
1311,lQX0jvVQywQ,362.0,96.0,242.0
1312,lRrHALK5b_I,344.0,99.0,157.0
1313,lSsTCiC93WI,291.0,210.0,199.0
1314,lX-eFyZyO9k,64.0,12.0,62.0
1315,lamseWekh8Y,214.0,18.0,68.0
1316,lbhnmwosgBo,267.0,163.0,226.0
1317,lcuV-ff0n0s,100.0,6.0,21.0
1318,lduyitPDQjY,43.0,34.0,23.0
1319,lg0ldbwZhPQ,320.0,83.0,297.0
1320,ljXSjIph5ZM,323.0,69.0,208.0
1321,lno7AN8hLvQ,313.0,118.0,169.0
1322,lo8QsWGWnEg,12.0,1.0,4.0
1323,lpv-mkmddms,106.0,11.0,83.0
1324,lvZCzP-7JV8,31.0,16.0,53.0
1325,lw-Xu7ZLD3w,105.0,63.0,132.0
1326,lwEYXrE3cjM,93.0,27.0,118.0
1327,m59HKBUi3cY,298.0,74.0,225.0
1328,mFZiH4aEPJc,43.0,27.0,40.0
1329,mG6_nlJPNcM,37.0,18.0,45.0
1330,mG7GBGcABYQ,41.0,20.0,50.0
1331,mGibr5Uy04w,183.0,63.0,154.0
1332,mHPB7raBvM0,430.0,66.0,104.0
1333,mJSViC_Sx20,208.0,61.0,231.0
1334,mNGGfLV3amY,321.0,95.0,84.0
1335,mOrdWbqp85E,345.0,43.0,309.0
1336,mPbDw9RFkjc,290.0,48.0,162.0
1337,mSYEzJ7LM54,136.0,32.0,432.0
1338,meXPbvp3ldg,149.0,140.0,511.0
1339,mk4NRZGCFvM,119.0,20.0,207.0
1340,ml8Dj5OSR-M,311.0,85.0,204.0
1341,mr1fJ1iGE0M,186.0,54.0,260.0
1342,mxNS5Wx06sU,10.0,10.0,25.0
1343,my9VAQMj6i8,81.0,30.0,83.0
1344,mywgWuDqDTQ,355.0,108.0,337.0
1345,n2Um-NOD6uw,19.0,6.0,26.0
1346,n54-eEvoMpg,139.0,57.0,104.0
1347,nA22klr9d1Y,156.0,5.0,39.0
1348,nCav3ZDm2wk,50.0,20.0,30.0
1349,nIZb34JnFEw,233.0,77.0,285.0
1350,nKzsgC6FUds,243.0,95.0,362.0
1351,nL9bZbv2aXY,256.0,24.0,120.0
1352,nL_QIbe2RZ4,77.0,78.0,45.0
1353,nQ0LRi18a3s,52.0,37.0,111.0
1354,nQwolVLD1MM,218.0,57.0,525.0
1355,nXZStT0kvVM,114.0,19.0,156.0
1356,nYwhZwA9JZo,66.0,5.0,29.0
1357,nZHZMVlc9A0,100.0,70.0,230.0
1358,nd_EYo96lmo,296.0,79.0,325.0
1359,ne4CnyNW9O4,238.0,320.0,142.0
1360,nivfxoep6Rs,425.0,109.0,266.0
1361,nj0CoMTpcUs,301.0,22.0,277.0
1362,njspZowLMBI,344.0,33.0,123.0
1363,nnTcCS07DKQ,247.0,229.0,224.0
1364,noVEvsozyug,314.0,112.0,274.0
1365,nrzbCPOcIJk,391.0,123.0,386.0
1366,nvAhI3ZjnjU,273.0,69.0,258.0
1367,o0Ddl1DI-go,201.0,22.0,77.0
1368,o1vV0oorclg,31.0,,10.0
1369,o3K44GQwxbA,401.0,161.0,238.0
1370,o4os5TXo6Vk,333.0,34.0,133.0
1371,o7eLKttSYMA,76.0,2.0,22.0
1372,o8R5f2kNo0A,175.0,34.0,91.0
1373,o97_jDomyqc,204.0,41.0,155.0
1374,o9n3bR8VMW8,240.0,58.0,302.0
1375,oD7nZouNyDA,137.0,19.0,44.0
1376,oDIDZ9EmQfA,194.0,54.0,352.0
1377,oEs0BP0i1Ro,118.0,123.0,259.0
1378,oHUQe-Uxqbg,101.0,47.0,152.0
1379,oK4me2hI_Jo,409.0,106.0,185.0
1380,oKzFGhlFqqE,335.0,300.0,260.0
1381,oPWiR4jrqpI,258.0,79.0,47.0
1382,oQ1rAFV44hU,395.0,87.0,318.0
1383,oStLD-yYAy0,76.0,41.0,83.0
1384,oZlJZ0BhXsA,303.0,89.0,308.0
1385,o_6euFCz-qc,219.0,20.0,61.0
1386,obq5OiTOKpI,57.0,7.0,36.0
1387,odhMmAPDc54,270.0,160.0,370.0
1388,ofz2cHLkiRI,254.0,152.0,286.0
1389,ofzjzf_rhZc,281.0,145.0,374.0
1390,oh37J6qROrQ,260.0,76.0,164.0
1391,ouJwpthMfkY,234.0,53.0,113.0
1392,p1WJ01Ij9AQ,262.0,85.0,253.0
1393,p5iH-uKHmfo,119.0,51.0,168.0
1394,p89x77BhIEY,32.0,50.0,76.0
1395,pAsN4lSa7O0,110.0,25.0,65.0
1396,pCHmqeHEybg,229.0,103.0,268.0
1397,pCyjOV-IHnc,333.0,11.0,56.0
1398,pMZAhWZxdGI,266.0,136.0,298.0
1399,pOZ5FrTMQMA,369.0,28.0,203.0
1400,pPOY00bWepQ,124.0,22.0,54.0
1401,pRnbzkMsgmM,139.0,176.0,183.0
1402,pXFIMdJduvY,395.0,66.0,239.0
1403,p_P9J97ELlg,397.0,58.0,145.0
1404,paXOkGMyG8M,371.0,66.0,262.0
1405,pe3KSYqPIgo,141.0,64.0,195.0
1406,pfQ09sKITss,50.0,40.0,70.0
1407,pgCtsVdK4HA,169.0,138.0,193.0
1408,pgpKCvagce4,109.0,16.0,47.0
1409,pi2k1u6eZuI,180.0,88.0,232.0
1410,pmHcdGpgQb8,300.0,100.0,200.0
1411,pmWORtNBl1A,133.0,114.0,243.0
1412,ppGCbh8ggUs,237.0,67.0,96.0
1413,pqSN7lsPs2k,299.0,85.0,316.0
1414,pqdaskhEa0I,328.0,36.0,135.0
1415,puckf6JLxc0,65.0,14.0,30.0
1416,pwHvK07tUuw,198.0,16.0,86.0
1417,px1WIBaFseE,63.0,24.0,113.0
1418,q1nvv1o1z3M,153.0,167.0,163.0
1419,q2KehxKQ3Zk,36.0,30.0,34.0
1420,q3br7KKr67o,283.0,19.0,198.0
1421,q68xUVH3qiM,154.0,136.0,210.0
1422,q6yzrZfgQvI,354.0,33.0,313.0
1423,qCFT66OOgeE,1.0,2.0,2.0
1424,qDhbIEuwRRc,28.0,5.0,6.0
1425,qFXaDphjrKs,117.0,39.0,44.0
1426,qFjyr2AYTb0,66.0,48.0,86.0
1427,qFltpuZJAns,43.0,26.0,31.0
1428,qIRl8taMSAQ,250.0,37.0,213.0
1429,qJVOPnfywCk,310.0,68.0,122.0
1430,qPDZZj6By3Y,86.0,63.0,151.0
1431,qR1EM-RIZNk,335.0,191.0,274.0
1432,qSXp_XdHvEA,49.0,77.0,67.0
1433,qTB9uDK0mWw,194.0,,24.0
1434,qVUSLxQyy9c,149.0,197.0,154.0
1435,qWEmjFtwQek,30.0,16.0,347.0
1436,qXH1dVI8Jic,176.0,68.0,156.0
1437,qZVm-2nM0sA,442.0,60.0,295.0
1438,qZW84u3UfiY,444.0,37.0,119.0
1439,qdWUQGHtyPk,387.0,178.0,135.0
1440,ql0Op1VcELw,356.0,94.0,350.0
1441,qlAfus-n9-U,57.0,6.0,42.0
1442,qm1Pd7bctaU,108.0,87.0,103.0
1443,qnSp6GwsI78,539.0,76.0,185.0
1444,qpv7-cyIQ20,40.0,22.0,100.0
1445,qy-UZ5B38-Y,159.0,73.0,168.0
1446,qynG2-RTnAw,183.0,42.0,183.0
1447,qznElIkZ1hc,114.0,67.0,119.0
1448,r1f8hd4yh0c,62.0,20.0,118.0
1449,r30snlzbYaY,392.0,52.0,256.0
1450,r4RfsfD6ZhM,18.0,10.0,72.0
1451,r9-DM9uBtVI,379.0,201.0,470.0
1452,r912Kzj8uYg,387.0,43.0,270.0
1453,rAh_16nooZA,126.0,19.0,55.0
1454,rCo4gIZu0DY,338.0,64.0,298.0
1455,rFFo-0v_vi4,235.0,24.0,241.0
1456,rIDyvW6Ob7Y,253.0,181.0,104.0
1457,rRZp93mMZaI,32.0,4.0,22.0
1458,rRi8LptvFZY,175.0,115.0,200.0
1459,rUkHLs9RHP0,224.0,121.0,55.0
1460,rWKz0ZC_G6U,417.0,69.0,114.0
1461,rWk7ykBdIA8,170.0,31.0,99.0
1462,rXrQZ_1VGd0,223.0,336.0,338.0
1463,rZ2vh8rZd18,291.0,33.0,276.0
1464,rcEyUNeZqmY,214.0,48.0,238.0
1465,rdXaw4EFGdk,79.0,60.0,60.0
1466,remr6Na_hD8,77.0,25.0,98.0
1467,rfMJ-DylWBs,161.0,217.0,322.0
1468,rh8b-Ibzkfg,283.0,29.0,88.0
1469,rjINNeC0DFA,297.0,36.0,167.0
1470,rjlXcMhQgPU,176.0,146.0,278.0
1471,rl4ofGm2aNI,400.0,66.0,234.0
1472,roS6oFjCDhc,302.0,149.0,345.0
1473,roiPLImXMoc,412.0,47.0,141.0
1474,rpfI6_deEcE,88.0,34.0,78.0
1475,rtL5oMyBHPs,203.0,68.0,229.0
1476,ruTB5jBGXsE,407.0,127.0,266.0
1477,ruYeBXudsds,63.0,64.0,73.0
1478,s06m6I06rbw,45.0,9.0,72.0
1479,sB29PVm_uYY,78.0,19.0,103.0
1480,sQp6ATVaS_M,87.0,42.0,71.0
1481,sRAp2MO6TUY,414.0,55.0,331.0
1482,sUDEJHbDvWw,275.0,77.0,347.0
1483,sWW9fP4v3Ew,33.0,101.0,143.0
1484,sa3G0vBlucg,244.0,32.0,92.0
1485,saoBoW2r6tk,115.0,33.0,52.0
1486,sbS0COipGKE,68.0,42.0,84.0
1487,scIizw2asro,378.0,110.0,412.0
1488,sgBGvgxuXvQ,260.0,57.0,183.0
1489,shc8GX7YiKo,127.0,39.0,115.0
1490,shzzQxD53Tk,246.0,9.0,45.0
1491,sjUxo7ylJPk,251.0,82.0,67.0
1492,sjlHnJvXdQs,329.0,156.0,415.0
1493,soC7DtJXMC8,341.0,104.0,255.0
1494,srWtQnseRyE,412.0,238.0,244.0
1495,srr_7fM-hL4,2.0,,
1496,suYQrlcfthU,28.0,3.0,60.0
1497,sxkP5m3RKQQ,124.0,76.0,94.0
1498,syBlo0z4aDI,82.0,58.0,160.0
1499,t2oVUxTV4WA,272.0,101.0,326.0
1500,t3AVtQkEHaE,322.0,193.0,585.0
1501,t3oar3hIDWA,96.0,17.0,87.0
1502,t4My4nOw4R4,150.0,32.0,18.0
1503,t8sgy0faXyg,529.0,223.0,248.0
1504,tI311Dz5_As,64.0,12.0,24.0
1505,tJpe2pB4ZLk,27.0,10.0,20.0
1506,tN_Fta2ZgdM,217.0,75.0,208.0
1507,tSLjM6cZaTo,189.0,116.0,95.0
1508,tTHMBjyzgEU,179.0,199.0,322.0
1509,t_LQ0f2GU88,171.0,53.0,176.0
1510,taKGnsqeCPs,48.0,11.0,41.0
1511,td_P3C-Q6c8,216.0,113.0,171.0
1512,tfZvSS_f254,131.0,49.0,119.0
1513,tg49DhsIcwU,41.0,38.0,21.0
1514,thD6TNUoyIk,370.0,70.0,260.0
1515,thUp8jTeJ9Q,142.0,45.0,113.0
1516,tku0H7YeMeA,348.0,23.0,127.0
1517,tl6w1-IlyDs,331.0,56.0,213.0
1518,tlTKTTt47WE,283.0,136.0,281.0
1519,tp9aQXDFHbY,374.0,113.0,212.0
1520,tt2k8PGm-TI,147.0,16.0,137.0
1521,twzJzolIl_A,378.0,168.0,354.0
1522,tx20wIAA_IE,291.0,29.0,80.0
1523,txvKrTplOVs,273.0,181.0,246.0
1524,u414OyWo6e4,186.0,56.0,158.0
1525,u6iVspBWzZU,222.0,112.0,66.0
1526,u8QANTrJRe8,8.0,5.0,5.0
1527,u8f6k9vjl-A,192.0,34.0,74.0
1528,u9PwlWwRQTE,206.0,50.0,144.0
1529,uAI5rSiGyNY,171.0,51.0,178.0
1530,uBGECC5U09Q,200.0,262.0,238.0
1531,uB_Kx6T3wq4,540.0,81.0,179.0
1532,uCVuyIQZ-lA,385.0,47.0,268.0
1533,uE6iQ5HiJts,300.0,260.0,440.0
1534,uK4plxfJa10,125.0,470.0,305.0
1535,uLP8rFrL1W0,119.0,43.0,138.0
1536,uNseVux0CA4,292.0,96.0,308.0
1537,uQhr1sfgJis,205.0,224.0,171.0
1538,uS2OKUrbh-w,171.0,97.0,46.0
1539,uTw6xPVNE4Q,89.0,132.0,70.0
1540,uV002CSNDac,256.0,86.0,358.0
1541,uWFAD84I66I,252.0,74.0,174.0
1542,uZ8L6qLeC74,144.0,16.0,40.0
1543,uZucY9atk9M,224.0,46.0,330.0
1544,ucWPplMZnH4,403.0,92.0,305.0
1545,udnGW3E1vxY,356.0,57.0,182.0
1546,ueenKCyGINg,45.0,18.0,93.0
1547,ufE-HaySXSg,229.0,161.0,208.0
1548,ufaDurSCKOk,284.0,171.0,345.0
1549,uh3aU63f8U8,145.0,15.0,140.0
1550,ulVEd-TRl90,622.0,30.0,148.0
1551,unByRjDRA34,252.0,31.0,117.0
1552,unTZYFHExRs,102.0,63.0,135.0
1553,utPFb_tNARo,1.0,,1.0
1554,uxI-8GTqDYA,221.0,103.0,376.0
1555,uy1FAz6zrQE,196.0,118.0,286.0
1556,v04o5-b_vjo,145.0,80.0,175.0
1557,v0zIWuPHbAY,245.0,47.0,408.0
1558,v62GQ-KPo2k,201.0,48.0,222.0
1559,v8t0ASudM-o,53.0,3.0,44.0
1560,v9ERab8P6Io,33.0,16.0,51.0
1561,vGVK4ibMI-Y,115.0,80.0,105.0
1562,vLmEGZnDWog,116.0,20.0,264.0
1563,vOrHkqjQ46s,80.0,22.0,98.0
1564,vQ3XgMKAgxc,384.0,95.0,421.0
1565,vUC8-qbCVWk,475.0,43.0,382.0
1566,vVnJKV8aScc,156.0,15.0,105.0
1567,vX53lghRQwc,397.0,30.0,73.0
1568,v_bbo1hUJeY,280.0,140.0,280.0
1569,vaspC5kfqDU,12.0,,48.0
1570,vdUum-zVcZc,191.0,23.0,186.0
1571,vgDiV94Hz1I,148.0,26.0,226.0
1572,vkrvJnHkxg4,9.0,3.0,9.0
1573,vlzHNY2SWps,232.0,163.0,205.0
1574,vp_Dbt3FPDs,329.0,15.0,156.0
1575,vpcDYc_4gV4,174.0,176.0,250.0
1576,vrW88AC_a8g,19.0,18.0,65.0
1577,w-n3qiLeVqg,222.0,236.0,242.0
1578,w4SKo5jU64I,238.0,324.0,407.0
1579,w58C1Vu10Is,159.0,136.0,305.0
1580,w6vHtjZKUss,130.0,58.0,112.0
1581,w7h--c54_O8,148.0,40.0,312.0
1582,w8fAellnPns,238.0,199.0,363.0
1583,w8jscru2mDE,150.0,119.0,131.0
1584,wDkjWSt3HOM,167.0,29.0,204.0
1585,wHSJljq_41I,217.0,22.0,161.0
1586,wHrpTT1-fPg,436.0,55.0,209.0
1587,wOcRH5GbqTQ,43.0,11.0,46.0
1588,wOrmr5kT-48,120.0,59.0,221.0
1589,wOskfnnbkdw,293.0,83.0,308.0
1590,wP97gsUp4cM,42.0,,358.0
1591,wQ5A1Rx64o4,268.0,76.0,156.0
1592,wQD1JvJZXdI,236.0,99.0,165.0
1593,wQtn44ACpoE,341.0,57.0,82.0
1594,wUHWzsF_qJM,538.0,93.0,169.0
1595,wVXIs2l_WqM,417.0,32.0,151.0
1596,wWK5W1b17uw,219.0,88.0,393.0
1597,wX5CKErOMqo,91.0,12.0,97.0
1598,w_tHH-7qNKE,123.0,20.0,57.0
1599,wcR4z5LezPU,17.0,15.0,42.0
1600,wd9-VP2LzM8,124.0,51.0,125.0
1601,wenFLUp44Fg,297.0,31.0,72.0
1602,wfDmXh_YwcE,29.0,19.0,52.0
1603,wiBhzhQu_2c,295.0,28.0,77.0
1604,wkPW7rozgjU,26.0,40.0,34.0
1605,wm3aO5547Gc,180.0,302.0,218.0
1606,wqcHGWG8MLQ,178.0,29.0,93.0
1607,wvjBdW6CyAM,45.0,15.0,40.0
1608,x2IttXFBYxc,251.0,265.0,384.0
1609,x2j090lBACI,90.0,18.0,92.0
1610,x4SheWJkn6s,43.0,14.0,43.0
1611,x9VBzdkHMBU,175.0,53.0,172.0
1612,x9_5nim4GzQ,26.0,29.0,45.0
1613,xA70bP5uzao,318.0,42.0,140.0
1614,xBU77C4cpTk,504.0,102.0,293.0
1615,xEKSJLaiZa0,141.0,36.0,116.0
1616,xF7_tPoCihI,255.0,8.0,237.0
1617,xGuGjvIfof8,206.0,72.0,222.0
1618,xHvVhhFvLtY,305.0,98.0,497.0
1619,xItyQC64KWQ,119.0,85.0,96.0
1620,xJ20o7B3Tm8,4.0,3.0,7.0
1621,xKXxJcf6_IE,187.0,91.0,122.0
1622,xNddRhpx5tA,240.0,236.0,424.0
1623,xQFuL2KYRdc,146.0,35.0,15.0
1624,xQap9P6g5_8,488.0,39.0,70.0
1625,xUSJ4XK2UXg,447.0,51.0,195.0
1626,xV1dMqeb4_U,357.0,71.0,251.0
1627,xXnfQ4SC6oQ,43.0,17.0,40.0
1628,xYq_XLAJRu4,10.0,21.0,22.0
1629,x_Akn8fUBeQ,224.0,71.0,269.0
1630,xaAFq3P-tOo,313.0,98.0,189.0
1631,xc8BtpXPUSw,217.0,163.0,218.0
1632,xcJXT5lc1Bg,102.0,68.0,213.0
1633,xfQvngEXob4,68.0,64.0,68.0
1634,xig77hiUHig,237.0,57.0,306.0
1635,xlEOEInw6q0,152.0,102.0,642.0
1636,xnNs1naIbvA,426.0,73.0,200.0
1637,xnSew-tCuPo,337.0,39.0,124.0
1638,xo2B67vz4HA,71.0,47.0,82.0
1639,xtsLwr9Ok7s,64.0,61.0,75.0
1640,xy5Nr-nBZaU,34.0,4.0,67.0
1641,y0NyGGFVZWA,150.0,6.0,51.0
1642,y0kQ2Jrk2Ng,38.0,56.0,139.0
1643,y1KEL-uqWGM,48.0,6.0,43.0
1644,y33oo6YsUoI,109.0,57.0,134.0
1645,y6B1uUpQM3E,284.0,103.0,413.0
1646,y8tsTndaPqc,15.0,,8.0
1647,y9vsRUmPCKk,66.0,5.0,29.0
1648,yB9pN0H7saA,313.0,170.0,417.0
1649,yESCuF5dsYs,113.0,35.0,52.0
1650,yJZh9NWdXrE,284.0,43.0,273.0
1651,yJyirpACUjU,3.0,1.0,14.0
1652,yLpAJzHSYKY,312.0,87.0,180.0
1653,yNaLblrdflU,298.0,148.0,254.0
1654,yNnvz85nWNU,170.0,45.0,285.0
1655,ySSdeYpoWBU,32.0,55.0,13.0
1656,yStV4b86rD8,257.0,20.0,123.0
1657,yVoijkYiZtg,33.0,8.0,19.0
1658,yWatz9TAgT0,300.0,28.0,72.0
1659,yYvXU7-fcHE,161.0,36.0,90.0
1660,yZMt87ZdUbw,282.0,113.0,205.0
1661,y_h_1uN2RQA,298.0,17.0,85.0
1662,ykUupQoJsIY,165.0,87.0,148.0
1663,ypXwioZXUrE,387.0,182.0,231.0
1664,ysS7DMjeux8,507.0,38.0,154.0
1665,yuwp7x_IiZ4,195.0,93.0,198.0
1666,yyKyEZ0HWNw,512.0,34.0,148.0
1667,yyv2gOHMGEc,303.0,84.0,313.0
1668,z68frP9Q7XA,144.0,56.0,200.0
1669,z9NvH2A6b-s,396.0,43.0,161.0
1670,zA3VCYGG_OQ,134.0,47.0,119.0
1671,zAgeP-vfzEQ,71.0,2.0,32.0
1672,zAtHxJvSczA,156.0,57.0,185.0
1673,zEZQ9v4h85k,54.0,18.0,66.0
1674,zEezFUb8Zz4,120.0,39.0,141.0
1675,zFNapd-oPd8,147.0,14.0,39.0
1676,zKDPrpJEGBY,12.0,6.0,15.0
1677,zTTaFg2Sq9Y,225.0,137.0,249.0
1678,zTjcPeb2Gwg,262.0,53.0,285.0
1679,zVim45Y5kus,28.0,11.0,61.0
1680,zWxo4uZW-1I,117.0,9.0,74.0
1681,zZ2CLmvqfXg,312.0,74.0,314.0
1682,zcqZHYo7ONs,375.0,127.0,198.0
1683,zgLtEob6X-Q,223.0,80.0,397.0
1684,zhtliiCSYb8,324.0,23.0,353.0
1685,zqbYukKfnEk,282.0,94.0,124.0
1686,zujShZT8_go,101.0,77.0,122.0
1687,zyPIdeF4NFI,201.0,70.0,129.0
1688,un75cup_EKs,,2.0,2.0
1689,N7Ad6v6Q9yg,,,4.0
1690,YMDGPSWWA18,,,6.0
1691,jNb0vRORLAw,,,2.0
