,video_id,video_count,predictions,perc
0,--JinobXWPk,71,0,0.0
1,--y69Ui8xwM,16,0,0.0
2,-1fzGnFwz9M,26,0,0.0
3,-2hRYEFiPSA,37,0,0.0
4,-6Zc8Co2H3w,188,0,0.0
5,-AJyaVduxCc,30,1,0.03333333333333333
6,-Egtbs-go4Q,29,0,0.0
7,-HGQJx5M8js,32,0,0.0
8,-Ifnaxi2LQg,211,2,0.009478672985781991
9,-JmNKGfFj7w,107,1,0.009345794392523364
10,-LoSw4o2zDQ,23,0,0.0
11,-QL9dvmddYs,20,0,0.0
12,-_Q5kO4YXFs,55,1,0.01818181818181818
13,-abYDzdg5Vg,34,0,0.0
14,-c_FsbYR8Q4,23,0,0.0
15,-eTpw0X9FRQ,1,0,0.0
16,-f-gdt9p-k0,121,0,0.0
17,-fbsJZZ2KMw,70,0,0.0
18,-jFgNreZPf0,167,1,0.005988023952095809
19,-p6WWRarjNs,43,0,0.0
20,-q47sHA4eAo,118,0,0.0
21,-rwylqSsN0I,8,0,0.0
22,-uRgjsiPEeM,19,0,0.0
23,-vjLBmZHWgE,39,0,0.0
24,-w9EFpyESSU,27,1,0.037037037037037035
25,-yKW9NG2yNc,52,0,0.0
26,-zCYX0esYlo,55,0,0.0
27,03IUgOd4GH4,153,3,0.0196078431372549
28,05v4nfUmBYI,85,1,0.011764705882352941
29,07VBLa4RMKs,32,0,0.0
30,07v6qA2l3n4,55,2,0.03636363636363636
31,08RHSZvixec,35,0,0.0
32,09xOyqOO1Eg,22,0,0.0
33,0AaApxaD170,43,0,0.0
34,0Ac0Q7iL_T4,77,0,0.0
35,0G9L9QKTSQM,62,0,0.0
36,0H3MirHyX2w,42,0,0.0
37,0HrxgjmzXUs,40,0,0.0
38,0IkPBqbfzg4,47,0,0.0
39,0Jjm3d_7N6A,34,0,0.0
40,0KLFeWlJtvY,19,0,0.0
41,0Pz7DnHikLU,110,0,0.0
42,0QgTwwloZL8,24,0,0.0
43,0Rb2rr1vWpI,23,1,0.043478260869565216
44,0VfGA5bE1AQ,45,0,0.0
45,0Vwyu5kzA_U,7,0,0.0
46,0bcHEsmmpzU,104,1,0.009615384615384616
47,0dWj2k4FMM8,69,0,0.0
48,0eKdNcP4xrM,143,0,0.0
49,0hLx_1Q15eY,52,0,0.0
50,0lDRz8qmXpE,82,0,0.0
51,0oxHdtCw3Ns,46,1,0.021739130434782608
52,0ptNpGfMRCg,90,0,0.0
53,0pwttmAYCTw,128,1,0.0078125
54,0q12l9wH1No,35,0,0.0
55,0qfgZJNCCJQ,44,2,0.045454545454545456
56,0uUFf8IomLg,8,0,0.0
57,0wEHhsvyia0,37,0,0.0
58,10y7JdXctTU,23,0,0.0
59,11S5tcT2Tm0,134,2,0.014925373134328358
60,12MQNUm9iBE,42,0,0.0
61,12fphklmFzk,20,0,0.0
62,12vfxYs6F7E,140,0,0.0
63,16-xMnzDQ4M,17,0,0.0
64,1MA8LIQ5Tec,39,0,0.0
65,1NyMSWqIJDQ,159,0,0.0
66,1PzNy4OhwDk,40,1,0.025
67,1XYcK1Rw0V4,2,0,0.0
68,1Yt1O-OhAm4,21,0,0.0
69,1ZFK3VKzQIs,23,0,0.0
70,1cnBJYystA0,21,0,0.0
71,1csaGKAjAvw,25,0,0.0
72,1cwuh3WDztU,45,2,0.044444444444444446
73,1hvdr7RjNRk,110,1,0.00909090909090909
74,1kHmFjHzR-s,43,0,0.0
75,1kTff70rjig,19,0,0.0
76,1kVLpFilePw,47,0,0.0
77,1k_whpRADOE,57,0,0.0
78,1lOsQBZQ9ok,11,0,0.0
79,1nEp6DcHwhs,29,0,0.0
80,1pCSv7uXcxE,23,0,0.0
81,1rmAi9XmlIo,104,3,0.028846153846153848
82,1wEh5P6T2_Y,38,0,0.0
83,1wwwXCQyIRA,48,0,0.0
84,1yP5Os0f6zA,35,0,0.0
85,1yYV9-KoSUM,129,2,0.015503875968992248
86,1zOPtQNChZM,60,1,0.016666666666666666
87,22RRaO5AuOo,116,0,0.0
88,22tF3y_epZs,38,0,0.0
89,27IzfEkYgWE,31,0,0.0
90,2DTwXdqmRiM,69,0,0.0
91,2FTxKFsWz60,42,1,0.023809523809523808
92,2HcqS508lIo,69,1,0.014492753623188406
93,2NMAmYz7CjA,10,0,0.0
94,2QA57665QM0,37,2,0.05405405405405406
95,2R2xpNeveh0,11,0,0.0
96,2RbyOUqqR8c,33,2,0.06060606060606061
97,2XIuFmRBCv4,4,0,0.0
98,2XzXLzA2Hrc,21,0,0.0
99,2YGrrsKs-Xg,61,1,0.01639344262295082
100,2d-kZs0zPps,28,0,0.0
101,2dJq9ywlHMk,19,0,0.0
102,2iObySa91b0,121,0,0.0
103,2nFO0sMs9Zs,16,1,0.0625
104,2qiBTkVRp1U,38,0,0.0
105,2rqSJDslK-Q,26,0,0.0
106,2ts6s-Ekfoc,5,0,0.0
107,2wxyDrfwlXQ,134,0,0.0
108,3-yamPXZQtU,159,5,0.031446540880503145
109,30QPEkhcYeQ,26,0,0.0
110,30ZmYOcgyx0,38,0,0.0
111,30z5fRChjFQ,3,0,0.0
112,31X8SnfET9s,5,0,0.0
113,32q2VdiAlb4,30,0,0.0
114,35zynOrkvMk,1,0,0.0
115,3BRB0UwY5Ac,32,0,0.0
116,3DrpmXtpFtw,68,1,0.014705882352941176
117,3ImE5jhnOt8,31,0,0.0
118,3JYl1XREYLE,82,0,0.0
119,3N5WORQxQUo,75,0,0.0
120,3QzUSSKfEeA,188,5,0.026595744680851064
121,3VVnY86ulA8,69,2,0.028985507246376812
122,3VxviCvN5sU,26,0,0.0
123,3WEvgqcP8mg,43,0,0.0
124,3ZOioxEGYpQ,20,0,0.0
125,3_BoE9rIbMw,76,0,0.0
126,3d9i_0Ty7Cg,118,0,0.0
127,3fILUAGw2mE,138,0,0.0
128,3fK7KYxLrtQ,12,0,0.0
129,3iKiBx7oCP0,59,0,0.0
130,3uxsHmxQBHA,159,0,0.0
131,3xsEUB-Az94,26,0,0.0
132,3yoGE3v4A8w,21,1,0.047619047619047616
133,40M4DF8aIYs,19,0,0.0
134,41taYOq1kVY,102,2,0.0196078431372549
135,439iY0844xI,111,1,0.009009009009009009
136,47XGull36jM,22,1,0.045454545454545456
137,4AsSp0AhlBc,12,0,0.0
138,4BmaTeRnNgo,13,0,0.0
139,4Cl0kVE94E0,35,1,0.02857142857142857
140,4CyvvCx6Us0,25,1,0.04
141,4LwpGaDKmZ8,71,0,0.0
142,4MkC65emkG4,61,1,0.01639344262295082
143,4NJYWgb6dQM,80,2,0.025
144,4S_9IWKVuVU,18,0,0.0
145,4W-pZrhu798,108,0,0.0
146,4YX_1wql-Xw,130,0,0.0
147,4bh9luFQ3Tc,65,0,0.0
148,4hqqFqcr1K8,17,0,0.0
149,4jfET_Xaq9w,47,0,0.0
150,4k56sdESwHQ,32,0,0.0
151,4kX7iBnoivA,145,0,0.0
152,4nBHdt8Tick,45,0,0.0
153,4nm5gxYA9PE,26,0,0.0
154,4tR_H21CuP8,57,1,0.017543859649122806
155,4tXF7w1Nbhk,38,1,0.02631578947368421
156,4vwVfdMn9Pw,20,0,0.0
157,4xbFVdoRzLQ,40,0,0.0
158,51h1wxOzRxg,10,0,0.0
159,56kiI-JKSdY,89,0,0.0
160,58R1G1XfQCs,52,0,0.0
161,59X_zkBglEY,38,0,0.0
162,5DG26XDPpB8,44,0,0.0
163,5IP8jQNXDOo,39,2,0.05128205128205128
164,5Ij5frweOfw,31,0,0.0
165,5IpgQyDuJbU,27,0,0.0
166,5JcZsNxT2BM,49,1,0.02040816326530612
167,5LXqVd_0cjs,14,0,0.0
168,5LjxhUoMdFQ,14,0,0.0
169,5MYuX9vrP_o,31,0,0.0
170,5PJWCe92K1E,50,2,0.04
171,5UPm14CqYgk,36,0,0.0
172,5Wiio4KoGe8,174,2,0.011494252873563218
173,5al17hlhowA,85,1,0.011764705882352941
174,5cyiXm7vAgc,73,0,0.0
175,5e8-4mBiCSI,23,0,0.0
176,5eSSL8hRU_E,6,0,0.0
177,5i76b0OrdIQ,25,0,0.0
178,5iS_9deMr3s,53,1,0.018867924528301886
179,5o5N-9h_ncw,24,0,0.0
180,5pvkw5KkQuw,24,0,0.0
181,5qkgFES0r-U,85,0,0.0
182,5s4wlmfGwJ4,23,0,0.0
183,5xgX_tNTWgs,89,1,0.011235955056179775
184,5ywKal6-anc,44,0,0.0
185,60p7CcevOQI,21,0,0.0
186,65fZOBR0pmM,53,0,0.0
187,660YlPoECNk,56,1,0.017857142857142856
188,6731LIO2LKI,53,0,0.0
189,67B1ITzDgqo,27,1,0.037037037037037035
190,69mJfm0MZKU,156,1,0.00641025641025641
191,6DjO94xv-ak,11,1,0.09090909090909091
192,6L-nhETPAfY,50,1,0.02
193,6S3U-xlVIhQ,46,0,0.0
194,6Vb6Z9i5sHs,24,1,0.041666666666666664
195,6aKua_hvo5Y,18,0,0.0
196,6gwM9v_OwUc,125,0,0.0
197,6jt3asyth4s,65,0,0.0
198,6l5P7jHUcjI,77,0,0.0
199,6o5L1WafILo,30,0,0.0
200,6v3BWoddSgk,213,3,0.014084507042253521
201,6vGg-jJl30A,34,0,0.0
202,6x62O8A8qHw,82,1,0.012195121951219513
203,7-PlbuWWceE,15,0,0.0
204,7-x4ZP9HEwg,28,0,0.0
205,7-z55AKa07U,29,0,0.0
206,71QPEkD9PhM,36,0,0.0
207,72HS6nTgeOE,14,0,0.0
208,72dxSi8yK54,20,0,0.0
209,73GicaeMo_E,79,0,0.0
210,74zJ4scJzNs,106,3,0.02830188679245283
211,76WkDuiAjeY,105,0,0.0
212,78hbYimcl9c,14,0,0.0
213,7AQ8uAx0ZU8,1,0,0.0
214,7EtMqijwZhs,80,0,0.0
215,7GmcH_Lmkvw,12,0,0.0
216,7HDfCN6ZTuQ,36,1,0.027777777777777776
217,7KHvKzpsQrA,23,0,0.0
218,7KS2oJPzeZk,79,5,0.06329113924050633
219,7KbjNfCV-lY,43,0,0.0
220,7KrANPZhoFI,11,0,0.0
221,7LfBoTAzjxM,6,0,0.0
222,7QGTDFtD1p8,23,0,0.0
223,7TN09IP5JuI,112,1,0.008928571428571428
224,7Whm5ySvDZI,38,0,0.0
225,7YAAyUFL1GQ,183,1,0.00546448087431694
226,7bdZn5MKugo,87,0,0.0
227,7e4vFMJmBIc,127,5,0.03937007874015748
228,7gcl6t7P3qw,164,0,0.0
229,7hOaSFP3n0A,4,0,0.0
230,7k8PFMQQIxI,27,0,0.0
231,7ocf8suHnP0,37,0,0.0
232,7qLrKUtV0Kw,17,0,0.0
233,7vdNTw3zzEs,15,1,0.06666666666666667
234,7wGDvthZ0ng,85,1,0.011764705882352941
235,8-M7WA1qX1g,93,0,0.0
236,85cgOHCUeaA,80,2,0.025
237,88IdVnUESJw,95,2,0.021052631578947368
238,8DJWtGRcFLs,52,2,0.038461538461538464
239,8GgqFAXug50,34,0,0.0
240,8I1B4n_8Cto,60,0,0.0
241,8JMnfmxA_Qo,66,1,0.015151515151515152
242,8Lv3tW7bWzU,26,0,0.0
243,8NArIVIQ4BI,155,1,0.0064516129032258064
244,8PDnSzf_TV8,67,0,0.0
245,8QKP7LXWlHk,28,0,0.0
246,8QgMh02JvS8,24,0,0.0
247,8TsNkgW2ox0,30,0,0.0
248,8V3B85bfVFI,47,0,0.0
249,8Z01336nDlU,33,0,0.0
250,8_rUSDGR8wc,1,0,0.0
251,8hP6WROycAU,165,1,0.006060606060606061
252,8mObzt_MX3k,21,0,0.0
253,8ndhidEmUbI,147,4,0.027210884353741496
254,8pB3tiuwFT4,18,0,0.0
255,8pHPohFezIk,21,0,0.0
256,8rbUudNk_k0,61,0,0.0
257,8rhb5wTCero,146,0,0.0
258,8sDXUWNYwIM,6,0,0.0
259,8z2RgsLSn-c,19,0,0.0
260,90YP4ntJUQs,28,0,0.0
261,924olvhb2pU,9,0,0.0
262,9Bag15jvLuk,20,0,0.0
263,9CILSvf1snQ,22,0,0.0
264,9EBgaxFfDA0,50,1,0.02
265,9HIkG6vMk6E,83,0,0.0
266,9JhNLoR1zZ8,23,0,0.0
267,9RSJQV4gTeQ,19,0,0.0
268,9VjKMTwFXMw,50,1,0.02
269,9WShamMJaF0,7,0,0.0
270,9XAUlcrRQSE,53,0,0.0
271,9XgflsmKnK0,71,0,0.0
272,9cEk9D1eI1k,31,0,0.0
273,9cN6Z_mkl_w,65,1,0.015384615384615385
274,9fVot8fIX-o,23,0,0.0
275,9j9RrWgo5rE,35,0,0.0
276,9k6S9v0FKzI,28,0,0.0
277,9m2Ozq_1-jY,111,0,0.0
278,9mAcJRFfAL0,45,1,0.022222222222222223
279,9wRgNPdU7fQ,83,0,0.0
280,9wacs-xHaFI,4,0,0.0
281,9yUZTTLpDtk,61,0,0.0
282,A2cRZL70C0w,86,1,0.011627906976744186
283,A41RgTjiLQU,33,0,0.0
284,AAZbviHZVhE,107,1,0.009345794392523364
285,AEaKrq3SpW8,18,0,0.0
286,AHTCnDycWYg,77,0,0.0
287,AI9gBDrccZ8,5,0,0.0
288,AJtUuo84JnM,32,0,0.0
289,AM60_0WmYJ8,26,0,0.0
290,APHgDFRpCi0,184,4,0.021739130434782608
291,APJswxETtTY,61,2,0.03278688524590164
292,AQ0b0CRsiVc,45,0,0.0
293,AQlqgqeyL1U,71,0,0.0
294,AR4UgRJOUQY,35,0,0.0
295,ARSNaSeT9hw,43,1,0.023255813953488372
296,AUP3uhrM19c,7,0,0.0
297,AWSNlL0xFm8,2,0,0.0
298,AX8-YzMKZhQ,80,2,0.025
299,AYcIaKpqE1k,29,0,0.0
300,AZDiPT4PuHE,60,0,0.0
301,AaGVAaGylgQ,57,1,0.017543859649122806
302,AdOSUIXlI0I,23,0,0.0
303,Agctt96kkhM,3,1,0.3333333333333333
304,AgnqfXHMnZ8,71,1,0.014084507042253521
305,AjioF-ZFDHQ,29,0,0.0
306,Alp_a88C8dY,47,1,0.02127659574468085
307,AmYFFuarQJI,14,0,0.0
308,Ama7Dc1EgLM,63,0,0.0
309,Amai7rZpqXg,93,0,0.0
310,AoQMHzkj2x0,88,0,0.0
311,AoS7AWVqIrg,1,0,0.0
312,Ap5hoCTkTUM,68,4,0.058823529411764705
313,AsQgxPjhqXU,43,1,0.023255813953488372
314,Auu9Sxxt5is,99,0,0.0
315,AuunrD-NDyg,24,0,0.0
316,Av-BCG0xjS0,20,0,0.0
317,AxG14lbL2Iw,36,0,0.0
318,AybOx6RBdRw,30,0,0.0
319,AzNIUMW_G8M,107,0,0.0
320,AzWiUQEdJOo,44,0,0.0
321,B9SptdjpJBQ,75,0,0.0
322,BBn_fo8NprY,88,3,0.03409090909090909
323,BEW_n1922vk,20,1,0.05
324,BFlk1LehjwA,28,0,0.0
325,BGOAmt0YI7o,15,1,0.06666666666666667
326,BRzPaDMeRks,20,0,0.0
327,BUaLnDL3f-M,47,0,0.0
328,BY3SLVNBkeo,35,0,0.0
329,BcYJ0CRyWaQ,41,0,0.0
330,BdV0dkx2oik,35,0,0.0
331,BlBztBP0OAs,22,0,0.0
332,Bn7ZtoFTm2Y,32,0,0.0
333,BnouDpcreyI,90,0,0.0
334,BpT3gx3s0ns,14,0,0.0
335,BqL9T0_ClUg,21,0,0.0
336,C-V1uXeyGmg,94,1,0.010638297872340425
337,C1i3ESnliMQ,27,0,0.0
338,C1wa2OyP_so,63,0,0.0
339,C25qzDhGLx8,49,1,0.02040816326530612
340,C6HghxKEz5E,38,0,0.0
341,C71KYPXiDTw,24,1,0.041666666666666664
342,CBzY0xfrHVQ,33,0,0.0
343,CGN6QXv7sfs,39,0,0.0
344,CHuuyGoK9F8,29,0,0.0
345,CI1C_zEVNmI,184,6,0.03260869565217391
346,CItEtnp3nPY,6,0,0.0
347,CYa6VUK2dM0,27,0,0.0
348,CYoRmfI0LUc,99,2,0.020202020202020204
349,Ca3rEOlAfpc,39,1,0.02564102564102564
350,CjhhbuDrJ1A,41,0,0.0
351,CrwmpuwLBiI,82,1,0.012195121951219513
352,CsdzflTXBVQ,110,1,0.00909090909090909
353,CuXq1hOa8_Y,20,0,0.0
354,CugyxRLS14s,32,0,0.0
355,CwfoyVa980U,73,0,0.0
356,CxHhJdVETDY,43,0,0.0
357,D1IBXE2G6zw,188,5,0.026595744680851064
358,D59v74k5flU,158,2,0.012658227848101266
359,D8cf_QBghng,28,0,0.0
360,DAbDvqPFXvQ,67,2,0.029850746268656716
361,DU-oxt3ekZ4,34,0,0.0
362,DUFBEamEF0Q,42,0,0.0
363,DUMbf8LUhoU,10,0,0.0
364,DXpDVVVbczo,42,0,0.0
365,DeIaemmxMl4,39,0,0.0
366,DeTu8xSGpEM,161,5,0.031055900621118012
367,DmM6G4BvotE,26,0,0.0
368,DmMk6qGaMSY,19,0,0.0
369,DtsWj9XiOIY,95,0,0.0
370,DuPXdnSWoLk,29,0,0.0
371,E-6LUtmwymo,87,0,0.0
372,E0u2dKugyMc,8,0,0.0
373,E2zIK6ktxIk,32,2,0.0625
374,E3DWd2dTiaQ,51,4,0.0784313725490196
375,E5Hfl6Nqw3Q,68,2,0.029411764705882353
376,E6eRA8PnuW4,25,0,0.0
377,EKH9TTHgVjA,29,0,0.0
378,EKoRZe9Fi98,21,0,0.0
379,ELFu7XGSmqw,37,0,0.0
380,ENskipCo-eQ,13,0,0.0
381,EPUHs9cjhOs,24,0,0.0
382,EQkdqhyKMdk,24,2,0.08333333333333333
383,ETR9qrVS17g,92,1,0.010869565217391304
384,ETh3xZsLq1U,52,1,0.019230769230769232
385,EUoe7cf0HYw,65,1,0.015384615384615385
386,EWeJ7OM3mo4,37,1,0.02702702702702703
387,EWng8GQ49Fg,35,0,0.0
388,EXCHJB37llQ,5,0,0.0
389,EZEi-87vLqE,38,0,0.0
390,EbthMC6spAE,71,0,0.0
391,EcdK8J74DSY,26,0,0.0
392,ErWde9LVg0A,85,0,0.0
393,F2uJvwiSZAQ,21,0,0.0
394,F4ELqraXx-U,185,1,0.005405405405405406
395,F5D1x-OtGME,85,0,0.0
396,F6zuGsGsnew,2,0,0.0
397,F8k999GcfgU,21,0,0.0
398,FBdyMBRcxeo,75,1,0.013333333333333334
399,FIdwrnp0g1k,34,0,0.0
400,FLWos7210j0,16,0,0.0
401,FMz_SHidVfk,68,0,0.0
402,FN5n87Gj0LM,99,1,0.010101010101010102
403,FUBXKn1oP0g,142,6,0.04225352112676056
404,FdPTvS7EX-o,29,0,0.0
405,FfRGxN2zeWU,145,2,0.013793103448275862
406,FgSSk7xLW9w,85,0,0.0
407,Flmxl3ZfjVM,35,0,0.0
408,Fo3fdphQ_O4,4,0,0.0
409,Fp77pujdLMM,27,0,0.0
410,FpZ1sIjQrf4,146,2,0.0136986301369863
411,FqdsYn9TdWQ,41,0,0.0
412,FwCCxSS9VkI,36,0,0.0
413,FwT9nx8GHxE,168,0,0.0
414,FxBeu7tmjYk,9,0,0.0
415,FyLtlW3hHwQ,23,0,0.0
416,FzebOysQeL4,29,0,0.0
417,Fzz-Pblbvqw,35,0,0.0
418,G0cDl-vZKkg,53,0,0.0
419,G1VEccH7jJ8,22,1,0.045454545454545456
420,G2Ro2C60378,2,0,0.0
421,G3fZBW_okks,45,0,0.0
422,G6LbbzXBwVQ,30,0,0.0
423,G8SsIMqvdNM,12,0,0.0
424,G8jxAKmojxY,18,0,0.0
425,GA-Ct46xL7k,24,0,0.0
426,GDF5J6OQTU4,7,1,0.14285714285714285
427,GEmQaOLk9Gk,37,0,0.0
428,GJYCmnSn1vo,77,0,0.0
429,GL5y_H39KXQ,7,0,0.0
430,GLEFvV6K0ss,13,0,0.0
431,GMMigjW3q78,26,0,0.0
432,GO6qs83CHpc,136,12,0.08823529411764706
433,GRDoasFyesU,49,1,0.02040816326530612
434,GTawLgr1W0w,25,0,0.0
435,GTfnzOgjRZ8,23,0,0.0
436,GVvqt-8-fz0,62,0,0.0
437,GWKI-CoCCTU,32,0,0.0
438,GXoigp2LFnY,35,0,0.0
439,G_SjnHwxWMU,139,0,0.0
440,G__NGBkVhkE,9,0,0.0
441,GclVn6jCtew,31,0,0.0
442,GdiNiqgaMhM,21,0,0.0
443,GlqXtCOaKb4,14,0,0.0
444,GoJsr4IwCm4,49,0,0.0
445,GpAuCG6iUcA,61,1,0.01639344262295082
446,GtBcWxjioiM,80,0,0.0
447,GttcbM4GxLo,47,0,0.0
448,GuEQtn2nm9A,35,0,0.0
449,Gv69uNr3Tf4,78,1,0.01282051282051282
450,Gw01t6btiR0,32,0,0.0
451,Gx79I586J5w,7,0,0.0
452,H-Giz8clz1w,76,1,0.013157894736842105
453,H2AYOJ2K8MU,21,0,0.0
454,H2s0lDFK89E,89,0,0.0
455,H3YE_oGD05M,26,0,0.0
456,H4gFlDn6c0c,21,0,0.0
457,H7ojygIbMYk,24,0,0.0
458,H9KaqCBEvvg,5,0,0.0
459,HETDClwTAuA,15,0,0.0
460,HIdRXXjIthQ,59,0,0.0
461,HRr8GRgOGAc,41,1,0.024390243902439025
462,HUUsEgAe8x4,140,1,0.007142857142857143
463,HUgYoT_xEFY,56,1,0.017857142857142856
464,HcedcEr27ZU,3,0,0.0
465,HjMTqZA6un8,21,0,0.0
466,Hk1tNaXzCVo,23,1,0.043478260869565216
467,HqHQFm5L6Zc,84,0,0.0
468,Hs2rDAuj7n8,37,0,0.0
469,HsiWOp-ImoE,80,1,0.0125
470,Hte0les8ZH8,23,0,0.0
471,HuoOEry-Yc4,91,0,0.0
472,HyDpetSeXtc,13,0,0.0
473,I1XJEhgJlKQ,30,0,0.0
474,IA9vLOmFyp4,32,0,0.0
475,IFKkcaj0kAE,27,0,0.0
476,IHi5jq2P_Zk,30,1,0.03333333333333333
477,ILDy6kYU-xQ,43,1,0.023255813953488372
478,ILnm4SGBU3g,88,0,0.0
479,IM-GV2GfqUs,28,0,0.0
480,IP81Je7APoQ,27,0,0.0
481,IRGEpm1AXRM,11,0,0.0
482,IRdrt8nPyy8,67,3,0.04477611940298507
483,ISKdzjFSVVA,4,0,0.0
484,IUkNNDg18mY,100,0,0.0
485,IXJlM_euB4w,20,0,0.0
486,IYvEhgYy35I,53,0,0.0
487,IcLbHUBoDpI,8,0,0.0
488,IcYbVguyp6w,21,0,0.0
489,Ig-9RDH5dZ0,27,1,0.037037037037037035
490,ImwYgOvb1cQ,24,0,0.0
491,IpJ1RyOWOUI,38,0,0.0
492,IqLi6Pn_rVo,98,0,0.0
493,ItCqCuJUjxA,22,0,0.0
494,Itd_DFAw8OE,37,0,0.0
495,IwiQGsFbJEc,36,2,0.05555555555555555
496,IyDwZVvdN9M,22,0,0.0
497,J4Td-_OQ0jo,19,0,0.0
498,J4qvZiJeglY,109,1,0.009174311926605505
499,J701ucIsrrk,18,0,0.0
500,J7MYJ8Kxhwc,162,4,0.024691358024691357
501,JIq6dXEvGvY,18,0,0.0
502,JKGdQjx-_BI,3,0,0.0
503,JLgUdZ5_CDg,17,0,0.0
504,JQzMUNt7AfQ,25,0,0.0
505,JV1NB70gLQI,57,0,0.0
506,JWEwib4VQgs,23,0,0.0
507,JY1ZCn2Ou-A,74,0,0.0
508,J_qs-CH715g,38,0,0.0
509,J_ub7Etch2U,191,5,0.02617801047120419
510,JcI8yn7xQWo,107,0,0.0
511,JdqUUKEATiw,28,0,0.0
512,JgYfZAjOgEM,112,0,0.0
513,JhyTKIwar1k,99,0,0.0
514,JlndAKOYDUQ,74,1,0.013513513513513514
515,JmWfY4nb6oM,170,0,0.0
516,JpCuIahlvR0,35,1,0.02857142857142857
517,Js8UXDe93yM,65,0,0.0
518,JsTptu56GM8,43,2,0.046511627906976744
519,JvUGfF0iYtU,71,1,0.014084507042253521
520,Jwd1AKFLvJQ,5,0,0.0
521,JzwC0Ay7Afk,41,1,0.024390243902439025
522,K1Oylqxm9JY,2,0,0.0
523,K20YGjVkZRw,23,0,0.0
524,K2SCpgCurVQ,1,0,0.0
525,K3U7Z94NHgg,20,0,0.0
526,K9Qn3Gzm2ig,15,0,0.0
527,KBk0-QDjWfA,21,0,0.0
528,KCNvREKTnQc,131,5,0.03816793893129771
529,KEJKtxib4yA,28,0,0.0
530,KFOZbLzp68c,33,0,0.0
531,KGb5yAdkcFw,146,1,0.00684931506849315
532,KPqtlI3aJIE,133,1,0.007518796992481203
533,KQc7a_5G0pI,67,0,0.0
534,KUH0KQ1qMiw,96,3,0.03125
535,KXwgUbuFF3M,27,0,0.0
536,Kh7SsMrHfDo,24,0,0.0
537,KkQdnJK1iF8,5,0,0.0
538,KlnLDOUVbtA,22,0,0.0
539,KmimSFVYklw,48,0,0.0
540,KnthjyYsk-8,118,0,0.0
541,KuPGRc6EKCo,37,0,0.0
542,Kwo_Ucs-wc4,40,0,0.0
543,Kz-3PgnD1vM,55,0,0.0
544,KzMbSDbNpiM,52,0,0.0
545,L-zZFZiRsTk,64,2,0.03125
546,L1yWH6QSP4k,137,0,0.0
547,L4titplowQY,7,0,0.0
548,L6QAx5mqFKU,52,0,0.0
549,L87l9-2B0ug,21,0,0.0
550,L9IDqn-qt98,18,0,0.0
551,L9x9V1y_8YQ,31,0,0.0
552,LAs5AqpMn4E,79,1,0.012658227848101266
553,LBLGo2y_BBU,164,1,0.006097560975609756
554,LDcm6twPEJA,74,0,0.0
555,LEwDlshW-tA,30,0,0.0
556,LGAfo5unZaw,27,1,0.037037037037037035
557,LHR2gzqUp5M,84,2,0.023809523809523808
558,LHVLRxtJiyY,26,0,0.0
559,LJyin-yC0Gg,44,0,0.0
560,LLGENw4C1jk,35,0,0.0
561,LP4qYyTPyl4,32,0,0.0
562,LSYc5HvyXKo,45,0,0.0
563,LTnl36-0-zU,31,0,0.0
564,LTosB6V_V24,69,2,0.028985507246376812
565,LVPIM06bMJo,24,0,0.0
566,LXAU1VqbYbo,42,0,0.0
567,LcZ2AuvxXNA,178,1,0.0056179775280898875
568,Lf3ER5Ope_s,36,1,0.027777777777777776
569,LgdUntA__WQ,35,1,0.02857142857142857
570,Lk7iJthBk6I,41,0,0.0
571,LlL_IAZ6Dr4,27,1,0.037037037037037035
572,LolP3Y7_Irs,42,0,0.0
573,LunHybOKIjU,298,5,0.016778523489932886
574,Lx1KYzpdtLk,29,0,0.0
575,LyrQog0JXOA,57,0,0.0
576,M0Elz3UTNp8,32,0,0.0
577,M16CGK1T9MM,207,3,0.014492753623188406
578,M2bUl404n_Q,33,0,0.0
579,M6XiFKB7j0w,150,1,0.006666666666666667
580,M6dtKk-UrWw,39,1,0.02564102564102564
581,M7XdnYiQKjQ,40,0,0.0
582,MAaOyRot_2s,42,0,0.0
583,MBdVXkSdhwU,168,2,0.011904761904761904
584,MEeYxlTw6b8,57,0,0.0
585,MFoODeZfSD0,105,1,0.009523809523809525
586,MHMdv2D7ndc,94,1,0.010638297872340425
587,MKMgoXEpO-E,25,0,0.0
588,MPH0kUixvyo,34,1,0.029411764705882353
589,MTlk0ioNTlM,3,0,0.0
590,M__3bfhLRNk,29,0,0.0
591,M_aY0YlQdSM,24,0,0.0
592,MbOFUsw-dqQ,29,0,0.0
593,MdzGZv3zQ-U,56,0,0.0
594,Me72dNRpjcU,169,1,0.005917159763313609
595,MeGyZJiB-FQ,79,0,0.0
596,Mf27iEM5YWw,26,0,0.0
597,MfYdzj16SSY,16,0,0.0
598,Mhfg2lVpW8k,23,1,0.043478260869565216
599,MhvqbRjrUIE,1,0,0.0
600,MiQYQQcG1HQ,40,0,0.0
601,MiZCudqoFAU,50,0,0.0
602,Mq9dxmh6JiE,98,0,0.0
603,MrujGOjzUI4,160,3,0.01875
604,MtOiRhapfFE,18,0,0.0
605,MuhbA_bB418,51,2,0.0392156862745098
606,Mw5T62dJzhQ,43,0,0.0
607,N1bJ5Vv3iUg,98,1,0.01020408163265306
608,N7DWig025Ig,40,0,0.0
609,NB2dTxW7Yis,40,0,0.0
610,NCFO5eifDtg,42,0,0.0
611,NDGID7tOaK8,39,0,0.0
612,NGPK44en2ME,24,2,0.08333333333333333
613,NGoOVpA-pQM,26,0,0.0
614,NIpEbO-M6bY,33,0,0.0
615,NPovS8i2WDo,21,0,0.0
616,NRjDqw1w7k8,22,0,0.0
617,NSFXDaMFUN4,19,0,0.0
618,NScRroPKo7o,42,0,0.0
619,NblX4E8Svag,32,0,0.0
620,NeSzAJv6naY,29,0,0.0
621,Ng5OHYQ8FII,10,0,0.0
622,NhNxeEAt41A,34,0,0.0
623,NheUm_izr6A,14,0,0.0
624,Nkddddt_IVE,30,0,0.0
625,Nko0mn3r-eM,20,0,0.0
626,NsjsmgmbCfc,80,0,0.0
627,NxHVjqMGKrI,20,0,0.0
628,O-OLBx_gNd8,47,2,0.0425531914893617
629,O-SPsvtsfrw,4,0,0.0
630,O12Rt0JSDpA,32,0,0.0
631,O23RPDMdEg8,18,0,0.0
632,O3D8d2QNShY,6,1,0.16666666666666666
633,O3DlZR078Q4,86,0,0.0
634,O4SGIQVbu_o,29,0,0.0
635,O9kQY4I2AOI,59,0,0.0
636,OCDo5yQDnro,38,1,0.02631578947368421
637,OCtCmqoP2RI,32,0,0.0
638,OI4W8SJOVt8,27,0,0.0
639,OIAp8atjuTs,10,0,0.0
640,OMW_dPtm7Bo,82,0,0.0
641,ONt_ajHfSiw,37,1,0.02702702702702703
642,OOwfl8yY7nc,192,0,0.0
643,OWcF-AttnBU,16,0,0.0
644,OY_cUBpDoiI,212,2,0.009433962264150943
645,OZAfse9Pb4c,176,2,0.011363636363636364
646,OctiAjHyn_o,56,0,0.0
647,OdbMKQGPQ5U,31,0,0.0
648,Odoe1qVkcJ4,63,1,0.015873015873015872
649,OeRx4G8Gxnw,17,0,0.0
650,Oh4WURZoR98,44,2,0.045454545454545456
651,OlfF7Ct9y7I,30,0,0.0
652,OthEKbkPftk,12,2,0.16666666666666666
653,OudFElslbh4,83,0,0.0
654,OzNj7YdkVDk,71,0,0.0
655,P00HMxdsVZI,24,0,0.0
656,P1HFdopKDro,35,0,0.0
657,P3MBQciFeHo,124,0,0.0
658,P4bSgkCQ4cI,126,1,0.007936507936507936
659,P776CtTlYzs,66,0,0.0
660,P9XyzipzINg,21,0,0.0
661,PHpMh4E4KKQ,22,0,0.0
662,PInMw_UmlHQ,49,0,0.0
663,PJrvXd2J_2c,56,0,0.0
664,PJsJ96yyVk8,29,0,0.0
665,PLDJQondOQE,60,0,0.0
666,PLyMj7k5Ths,121,0,0.0
667,PNPMEQm_vAI,112,0,0.0
668,PPg1gN_ey2o,26,0,0.0
669,PRXoekKxu4o,6,0,0.0
670,PTuu7r9imtw,3,0,0.0
671,PbGSiJ9iat8,30,0,0.0
672,PbW14E2eHJ0,204,1,0.004901960784313725
673,PgEC7yHHXdM,37,0,0.0
674,PgeJ0XYuI2E,105,1,0.009523809523809525
675,PmG4AYsPHfA,108,0,0.0
676,PnbKgdNUPlM,33,0,0.0
677,Pxojz6grwcU,26,0,0.0
678,Q07Cp6tswnQ,101,1,0.009900990099009901
679,Q0CbN8sfihY,257,2,0.007782101167315175
680,Q0O_5lVrMfs,89,0,0.0
681,Q0RVBTb6wTQ,22,0,0.0
682,Q1eQw4ycgQM,10,0,0.0
683,Q2Ku7ELCBag,126,0,0.0
684,Q4jzFEC1Fyk,32,0,0.0
685,Q7o163QU8CE,44,0,0.0
686,Q8PSzByBGpU,20,0,0.0
687,Q9ZxQ-5vZLE,9,0,0.0
688,QB5JOnDYeHY,116,0,0.0
689,QBGaO89cBMI,152,6,0.039473684210526314
690,QCI_yhwQQgA,4,0,0.0
691,QDy6HUhC2VA,23,1,0.043478260869565216
692,QG9U_41ZXCU,23,0,0.0
693,QGEt1UctaO4,28,0,0.0
694,QKy1OazdMD0,12,0,0.0
695,QLzIzBp7_RE,23,0,0.0
696,QQP6c_xLetk,109,0,0.0
697,QeBCu1ZSORs,130,2,0.015384615384615385
698,QeaumjX9DNY,22,0,0.0
699,Qg7YzqCRoZ0,51,0,0.0
700,QlRWZuKPVoo,39,0,0.0
701,Qp0J7P62NFU,58,0,0.0
702,QtANwxed36M,25,0,0.0
703,QuEuV9F22N0,31,0,0.0
704,R00hChXPBE8,26,1,0.038461538461538464
705,R1ZXOOLMJ8s,131,2,0.015267175572519083
706,R3dQpGJQI18,35,0,0.0
707,R4UbWxXKUVM,56,0,0.0
708,R8NeB10INDo,106,0,0.0
709,RBRsCtVo8J8,20,0,0.0
710,RE-far-FvRs,101,1,0.009900990099009901
711,RHrUESiJBl0,12,0,0.0
712,RIz3klPET3o,142,1,0.007042253521126761
713,RJuqdTXhDX4,133,2,0.015037593984962405
714,RLmqKBRqyA8,70,1,0.014285714285714285
715,RRJF5grnAEU,10,0,0.0
716,RaKxVWJxA2U,33,0,0.0
717,RbXYadQw1C4,33,0,0.0
718,Rew50oYjRqA,47,0,0.0
719,RfG7VvIrk-c,3,0,0.0
720,RgskTJ27hPY,14,0,0.0
721,RlduVwzqK2o,67,0,0.0
722,RpE_vEzZYD0,89,0,0.0
723,RrmGrkuiY50,10,0,0.0
724,RsCsBqIlnHw,68,0,0.0
725,RsG37JcEQNw,36,0,0.0
726,RwWxyynb_sA,30,0,0.0
727,RxIh_0q524c,65,2,0.03076923076923077
728,S0cGltz5gFc,41,0,0.0
729,S64VJiCGMIk,29,0,0.0
730,SGuUAtJ8yMM,28,0,0.0
731,SHgbU1938SE,39,0,0.0
732,SHobkpQ9GOM,24,0,0.0
733,SHq2qrFUlGY,195,6,0.03076923076923077
734,SIyW-80e_v4,28,0,0.0
735,SNGWh_-R1VE,152,0,0.0
736,SPZFN6VFFow,103,1,0.009708737864077669
737,SVOuY7hoqEs,83,3,0.03614457831325301
738,SVyVAJPHob4,58,0,0.0
739,SY0nJ1v5U5M,31,1,0.03225806451612903
740,SYUDTKBNdZc,26,0,0.0
741,S_9OSktlm6s,112,1,0.008928571428571428
742,S_DltnHeJ-M,47,1,0.02127659574468085
743,S_dN5PviiWI,28,0,0.0
744,Se1MGhkpfg4,31,0,0.0
745,SeUyzOP3mys,183,0,0.0
746,SmTvoFcy4_Q,32,0,0.0
747,SnSR3LIXE0o,15,0,0.0
748,SpzeQ1Z3Ut0,21,0,0.0
749,StU-61439s0,21,0,0.0
750,SzBCJKmpoyg,36,0,0.0
751,T24uu3ZOllQ,9,1,0.1111111111111111
752,T2RUYYs8Hxc,24,0,0.0
753,T58NGMrUp0M,26,0,0.0
754,T6iLJTy6LNQ,31,0,0.0
755,T6lon9-8Fck,18,0,0.0
756,T9Lq2RNABTc,23,0,0.0
757,TAkfpRPcZOw,6,0,0.0
758,TE1ZoBI1qj4,17,0,0.0
759,TE4yRty0bx8,65,0,0.0
760,TF0TRv7Fw94,102,0,0.0
761,TFKQQSFoUzg,33,0,0.0
762,TH2QRvu97NI,87,0,0.0
763,TLfwSd-tLcM,51,0,0.0
764,TNhyrPaGFYQ,128,1,0.0078125
765,TO0JueyL1Qc,28,0,0.0
766,TO5cYWd12lQ,108,2,0.018518518518518517
767,TPnuT2TLvLQ,6,0,0.0
768,TV-_Yuc228s,50,0,0.0
769,TW1O_Ydlk60,28,0,0.0
770,TYR_7CeO39E,138,0,0.0
771,TZtEVh6Wrgg,23,0,0.0
772,T_PuZBdT2iM,133,4,0.03007518796992481
773,TaFlyFkZvM4,76,2,0.02631578947368421
774,TeSoGKTZQl8,84,0,0.0
775,TieEBM7wumc,11,0,0.0
776,Tj08Ni3tklw,21,0,0.0
777,Tl3rLm4eXyQ,15,0,0.0
778,TltKWHiBZ1M,67,0,0.0
779,Tm8LGxTLtQk,155,1,0.0064516129032258064
780,TngCi2s5rmk,108,0,0.0
781,ToUXPpIHsNc,38,0,0.0
782,TqG3syU5H7E,31,0,0.0
783,TrMTFvHDv2o,44,1,0.022727272727272728
784,Tu56ENinU9w,78,2,0.02564102564102564
785,TxIO9IiU8A0,22,1,0.045454545454545456
786,U1bpztJkdzk,45,1,0.022222222222222223
787,U2CqZNd6rgM,27,0,0.0
788,U3sE8SH-Qic,18,0,0.0
789,U9E2olGqUlU,15,0,0.0
790,UApJ0enDJTs,29,0,0.0
791,UBWHlCJLKIU,24,0,0.0
792,UCrBICYM0yM,98,0,0.0
793,UIATkLb3MaA,36,1,0.027777777777777776
794,UJPjoSuwuos,57,0,0.0
795,UNSOt_ij8E4,36,1,0.027777777777777776
796,UONnRMuuDps,198,0,0.0
797,URiZddyEc7k,22,0,0.0
798,UVjRG6roqsg,6,0,0.0
799,UX7bxe2whlw,27,0,0.0
800,Uc32z-wgxU4,74,0,0.0
801,Uiccgh2GXzs,129,0,0.0
802,Uk0dcjv1NDs,29,0,0.0
803,UkMZJrbCRdQ,83,2,0.024096385542168676
804,UpONjs5kLPc,4,0,0.0
805,Upqp21Dm5vg,38,1,0.02631578947368421
806,Uw3eeaFT5Rw,26,1,0.038461538461538464
807,UxrTnLgO1YM,59,0,0.0
808,V-dCijSCKZY,89,0,0.0
809,V2ImFLZpIJk,67,2,0.029850746268656716
810,V3Hjn92UG_o,58,0,0.0
811,V3jY8-VzSEA,18,0,0.0
812,VAKs3gaNGqo,38,0,0.0
813,VBoFYQuBq_A,39,0,0.0
814,VCVjbrt30tY,67,0,0.0
815,VCWVRo_l26o,8,0,0.0
816,VEoITVHfyGg,30,1,0.03333333333333333
817,VFM0UqX9MJ8,41,2,0.04878048780487805
818,VH1RwkrHPvA,53,1,0.018867924528301886
819,VHG7mHKwQqA,168,1,0.005952380952380952
820,VIlqTS96NFY,24,0,0.0
821,VJ4yhjTkuNE,113,1,0.008849557522123894
822,VKuvYk-FsPM,92,0,0.0
823,VLdTVexvJ5Q,7,0,0.0
824,VOaOjc2crx4,5,0,0.0
825,VOvSXVkQw3g,35,0,0.0
826,VPo2k2z7Xqg,41,0,0.0
827,VRADv2uRQao,30,0,0.0
828,VSrEIdhrXB4,70,0,0.0
829,VSulFZ7XJ1U,28,0,0.0
830,VU9QftScl5U,9,0,0.0
831,VUAP3ifwAl0,37,0,0.0
832,VVFXM0KtvwI,86,4,0.046511627906976744
833,VWLTBjsm4Po,36,0,0.0
834,VX9IAt75P28,82,1,0.012195121951219513
835,V_U6czbDHLE,48,0,0.0
836,V_dsWL6VcjU,94,1,0.010638297872340425
837,VfjjiHGuHoc,68,1,0.014705882352941176
838,Vjbqe7agCz0,27,0,0.0
839,VsXu80J31uc,120,0,0.0
840,Vx0oRAg47Bo,43,0,0.0
841,VzPD009qTN4,143,0,0.0
842,W1N7M4kd_yU,20,0,0.0
843,W3v4J5tUcKs,10,0,0.0
844,W4YZIAtS-S0,70,1,0.014285714285714285
845,W9u297hArbI,32,0,0.0
846,WAwRqecvMSY,75,0,0.0
847,WDHaHHJLOzs,51,3,0.058823529411764705
848,WDWlzSgBbx8,21,0,0.0
849,WFVM5NVqQpM,50,0,0.0
850,WHvT-oGf6ik,81,0,0.0
851,WIUx-Ym0I2A,59,0,0.0
852,WIvNe569Q9g,61,1,0.01639344262295082
853,WJWNhuUUKds,23,0,0.0
854,WMAtfhATTLg,83,0,0.0
855,WNZTec6BbOU,25,0,0.0
856,WPlx5BmZVkQ,46,1,0.021739130434782608
857,WRplVmpZCa8,70,0,0.0
858,WSFJsq_jwMs,37,0,0.0
859,WY9xOHquZrg,34,0,0.0
860,WYYvHb03Eog,134,2,0.014925373134328358
861,WYfIn4ggDAg,24,1,0.041666666666666664
862,WYkil1tblt8,58,0,0.0
863,WYoWaouvXXA,94,0,0.0
864,WZkGjxy-fz0,114,1,0.008771929824561403
865,WfjZ1otkS3o,87,0,0.0
866,WgGNWs9u3eY,19,1,0.05263157894736842
867,Wgs2ahWHjHQ,20,0,0.0
868,WoPtuVbaSKQ,94,0,0.0
869,Wp21hAL1mOU,145,0,0.0
870,Wp2TUPo5W0c,139,0,0.0
871,Wq2nyYLv978,34,0,0.0
872,WqDbQbAEWsI,5,0,0.0
873,WrsFXgQk5UI,32,1,0.03125
874,WtpX1nMdg8Y,31,0,0.0
875,Wv3RpLvPasE,23,0,0.0
876,X0U8Awfizoc,24,0,0.0
877,X2hNYy6QkKM,13,0,0.0
878,XA_jAJ-dWyQ,95,0,0.0
879,XAov8XJkpE8,22,0,0.0
880,XBGCYqRInM8,36,0,0.0
881,XE5D_Z1MmBA,72,0,0.0
882,XIUGqfTkaWk,78,1,0.01282051282051282
883,XJK8GXVvKkA,35,2,0.05714285714285714
884,XKvXg2NlNZ4,29,0,0.0
885,XM23h-eJ08A,165,2,0.012121212121212121
886,XMLFHjlxh7Y,20,0,0.0
887,XMqJh_SRhyI,7,0,0.0
888,XPEXW0eGDiU,29,0,0.0
889,XPqko6Q0lpE,101,2,0.019801980198019802
890,XQFeShp6UIY,25,0,0.0
891,XV1EkoGWong,50,1,0.02
892,XYpWaACwZnw,193,0,0.0
893,X_PZvUM8P_U,31,0,0.0
894,XlP_jnRbd4c,8,0,0.0
895,XpVt6Z1Gjjo,137,1,0.0072992700729927005
896,XsFitrO-nYk,30,0,0.0
897,Xul7ku1XxRY,141,2,0.014184397163120567
898,XxBeaZX99b8,6,0,0.0
899,Y12lF3cYufo,39,1,0.02564102564102564
900,Y2GVVC_cD_E,169,2,0.011834319526627219
901,Y2X22e591To,6,0,0.0
902,Y5fwGxJjn5E,21,0,0.0
903,Y61Q5w8qdSw,130,0,0.0
904,Y8iLSvx6-tg,27,0,0.0
905,Y8kAZAQ5dX0,70,0,0.0
906,YAD1gCeYzoQ,24,0,0.0
907,YJSyc7f0GHw,32,3,0.09375
908,YL9uHq4HsQI,105,1,0.009523809523809525
909,YLM2gl8RGj0,59,0,0.0
910,YMDGPSWWA18,1,0,0.0
911,YNooxN3AzBw,48,0,0.0
912,YP86epnpxUY,32,0,0.0
913,YPVcg45W0z4,70,0,0.0
914,YPdZ0p_nlmk,28,0,0.0
915,YQYslaA1Lus,59,2,0.03389830508474576
916,YS3CrLG8dEg,47,0,0.0
917,YSVlSmZWzm0,91,1,0.01098901098901099
918,YYmlI7yT9cg,33,1,0.030303030303030304
919,Y_IuRdyDrdM,34,1,0.029411764705882353
920,Ybbii2XIavU,20,0,0.0
921,YdISgHQJThQ,26,0,0.0
922,YeF_MnDfqmI,11,0,0.0
923,YgEjI5PZa78,66,0,0.0
924,YivoIqpCf_s,21,0,0.0
925,YjtRY28Pe2o,26,0,0.0
926,YmnxIsRn5nw,23,0,0.0
927,YneqewcVLVY,157,0,0.0
928,YrTKLZi6rqk,31,0,0.0
929,YsRiwT3RWyE,3,1,0.3333333333333333
930,YwlNtzq2k1M,26,0,0.0
931,YxC70Nr9ViU,22,0,0.0
932,Z-LmHjkN2EU,22,0,0.0
933,Z-zdIGxOJ4M,20,0,0.0
934,Z0mzCVe_onw,40,0,0.0
935,Z2vpNdieJZM,32,1,0.03125
936,Z3vonkAB8Ks,28,0,0.0
937,Z4QcwsEbKyo,56,0,0.0
938,Z4WNpw_3T6Q,30,0,0.0
939,Z4zXQV94foU,123,0,0.0
940,Z5ijKVGjsh4,25,0,0.0
941,Z7R8XRKqHAI,89,0,0.0
942,Z8aN5L-oDOw,74,0,0.0
943,Z9svINZiBdU,155,0,0.0
944,ZBExj2SlNTw,28,0,0.0
945,ZBfECZe6Kys,27,0,0.0
946,ZFF392vAMN8,172,1,0.005813953488372093
947,ZHTdmMJtY5E,27,0,0.0
948,ZQK1F0wz6z4,82,0,0.0
949,ZQUBjoGm1ls,37,0,0.0
950,ZT1JsE_YbFs,97,0,0.0
951,ZVsbuRSmL14,4,0,0.0
952,ZW4jOlyj-sM,79,0,0.0
953,ZWTlL_w8cRA,110,2,0.01818181818181818
954,ZX6XJ6KjgFA,1,0,0.0
955,ZYQ1cVRtMZU,124,0,0.0
956,ZYSjPZUqLdk,58,0,0.0
957,ZagQci5qTSM,24,0,0.0
958,Zps84AcOxqI,3,0,0.0
959,ZsYwEV_ge4Y,110,0,0.0
960,ZudW2Y4qk6Q,10,0,0.0
961,Zwq-gx1nvR8,4,1,0.25
962,Zy6vBxqlapw,62,1,0.016129032258064516
963,ZyHipL45pwM,33,0,0.0
964,_-8wedJC7K0,43,0,0.0
965,_38JDGnr0vA,116,1,0.008620689655172414
966,_4PLKxYZUPc,69,1,0.014492753623188406
967,_5wCA9OM00o,45,0,0.0
968,_7khn2VNr-Q,12,0,0.0
969,_95NxbsbMF4,80,0,0.0
970,_9gaF8to7Fg,12,0,0.0
971,_ANP3HR1jsM,48,1,0.020833333333333332
972,_DAUmz188l8,29,0,0.0
973,_Eb9kppyRxc,120,0,0.0
974,_MEFyG-IE_I,75,0,0.0
975,_MKJY4vAc5o,80,0,0.0
976,_NlKTMvnjIc,33,2,0.06060606060606061
977,_PRvi816UkA,26,1,0.038461538461538464
978,_PVVE2x4y-E,30,0,0.0
979,_Pom2EYv3NM,26,1,0.038461538461538464
980,_StIv9i6as4,64,2,0.03125
981,_SzWAfsdZXY,15,0,0.0
982,_U51gXXXzkk,94,0,0.0
983,_YV_shrSaPU,89,0,0.0
984,_bhvufnPkxc,17,0,0.0
985,_cIInxTAWMo,2,0,0.0
986,_cu4FHyCcT8,77,2,0.025974025974025976
987,_dJbQayd4MQ,63,1,0.015873015873015872
988,_elREWy6f9w,63,2,0.031746031746031744
989,_etv7CvfOIQ,40,2,0.05
990,_hDZtHqtaTw,31,0,0.0
991,_n0Ps1KWVU0,126,0,0.0
992,_o8vb1BA_c0,81,0,0.0
993,_ux0gRwugto,30,0,0.0
994,_yIg9OTys6o,62,0,0.0
995,_yZqPN57W3o,7,0,0.0
996,a2VRtAFqb4U,35,0,0.0
997,a41k9oJN0FI,74,0,0.0
998,a60eCadP1Fo,30,0,0.0
999,a6V-fKcW5YI,63,1,0.015873015873015872
1000,a7Sf_H2cFdM,24,2,0.08333333333333333
1001,a8BlSh2ph-c,41,0,0.0
1002,a9ITIaKzG3A,120,0,0.0
1003,a9Zi-RhcOGs,32,0,0.0
1004,aD0CC2dLqLg,4,0,0.0
1005,aDuB1arf8aE,75,1,0.013333333333333334
1006,aHVFmPzr85s,6,0,0.0
1007,aLWLzUa2Qyk,41,1,0.024390243902439025
1008,aMhB9sj3J6Y,33,0,0.0
1009,aNiIUPwk-sU,126,0,0.0
1010,aNlUKzO1ThY,32,0,0.0
1011,aO71OuO_a1E,23,0,0.0
1012,aVatBKfRUZ8,1,1,1.0
1013,aZkqHx5uri4,62,1,0.016129032258064516
1014,aZoODXrKVSw,177,0,0.0
1015,aarBJqitCJE,130,1,0.007692307692307693
1016,abeF5zQbQEM,106,1,0.009433962264150943
1017,adfcVmu1bmM,33,0,0.0
1018,adgAxnflvOE,23,0,0.0
1019,aepr6ynzeX4,79,0,0.0
1020,ahw3WH_UW7M,48,1,0.020833333333333332
1021,aizefBpQCKo,27,0,0.0
1022,ame5L8HJ6i0,9,1,0.1111111111111111
1023,arxRliIqOxk,71,3,0.04225352112676056
1024,atxOJ_RDjZ4,35,0,0.0
1025,aw28GKtWxBw,125,0,0.0
1026,azA8Eaaew9o,31,2,0.06451612903225806
1027,azAziWHV1_U,1,0,0.0
1028,b-3YW03RR0I,23,0,0.0
1029,b-TK7VO-bdQ,29,0,0.0
1030,b-znn2eQL08,28,0,0.0
1031,b0O5JtyNqek,45,0,0.0
1032,b0RyiTp8gSA,30,0,0.0
1033,b1wlmTNERqE,20,0,0.0
1034,b5AwD09w0-E,22,0,0.0
1035,b6utGZQ9Sks,25,0,0.0
1036,b7xndvitLa8,35,0,0.0
1037,b88Z3Xa9v4s,6,0,0.0
1038,bAF8GoqHUCg,57,0,0.0
1039,bAdqazixuRY,100,0,0.0
1040,bBduRyX_aq8,2,0,0.0
1041,bEk3_PfD0hA,58,1,0.017241379310344827
1042,bMaEZibICXM,29,0,0.0
1043,bNcSAISFSZo,12,0,0.0
1044,bY8-TUD3_Zo,113,1,0.008849557522123894
1045,bYq8YHt97J8,27,0,0.0
1046,bZbI9rmpaEw,164,0,0.0
1047,ba2wNmoFk30,16,0,0.0
1048,bd7IGZ6dulM,94,0,0.0
1049,bhTDq2t6UpM,36,0,0.0
1050,bjqAvwvZ0w8,23,0,0.0
1051,bmblT8_9-7U,36,0,0.0
1052,bp6uJJJMaLs,21,0,0.0
1053,bpDylTwwunc,88,0,0.0
1054,brfBImsXR6k,81,0,0.0
1055,btPqKAGyajM,102,0,0.0
1056,btSvAjUrBhU,78,0,0.0
1057,bt__j8v00oY,14,0,0.0
1058,bu9e410C__I,164,1,0.006097560975609756
1059,bukzXzsG77o,20,0,0.0
1060,bvomHFZO0mk,97,1,0.010309278350515464
1061,byA77xkQBEE,78,0,0.0
1062,bzJNg0BqA7A,37,0,0.0
1063,c0FjpqLfGN8,26,0,0.0
1064,c2BcR39AtxE,120,0,0.0
1065,c3JbJmXInOs,80,0,0.0
1066,c3pFWJCQy5E,20,0,0.0
1067,c5vSFtnWkDA,25,0,0.0
1068,c7ymY8QEB2g,23,0,0.0
1069,cABm1SlrtDY,22,1,0.045454545454545456
1070,cFMnCIoB1wY,20,0,0.0
1071,cFVRCo6-FUU,102,0,0.0
1072,cIKDbii1vZI,7,0,0.0
1073,cKC7EYi2Zyc,33,0,0.0
1074,cL8Ls0tEMcc,73,1,0.0136986301369863
1075,cOboLQMO4tQ,32,0,0.0
1076,cOlibbx5sx0,56,0,0.0
1077,cVgQV6v_QKY,40,0,0.0
1078,cVnkoYiWLgM,8,0,0.0
1079,cWL4eiCR8FM,21,2,0.09523809523809523
1080,c_9iv9HwO5Q,32,0,0.0
1081,caQdH3D1nuY,4,0,0.0
1082,cbBMwrdEIdc,58,0,0.0
1083,ccLXx4DB8ZQ,98,3,0.030612244897959183
1084,cfSIC8jwbQs,31,0,0.0
1085,chfg6YYiQpU,40,0,0.0
1086,ciXIdvfejn4,10,0,0.0
1087,ckWQt6cKCx8,37,0,0.0
1088,ckulh3cSPuU,19,0,0.0
1089,cq50fkILrwM,23,0,0.0
1090,cqSlyWXar8I,50,1,0.02
1091,crSTFbyksFk,3,0,0.0
1092,crY-q80MfJU,51,2,0.0392156862745098
1093,cvaVRlWltD4,106,0,0.0
1094,cvk18vx-nrY,45,0,0.0
1095,cxLQAuQsOWI,67,0,0.0
1096,cxcxskPKtiI,44,0,0.0
1097,d6a4AGg_TsI,25,0,0.0
1098,d7C0uEnWxb4,1,0,0.0
1099,d8U5funnyA8,95,0,0.0
1100,dB-RqoR_MCI,32,0,0.0
1101,dDiCuZTjS18,29,1,0.034482758620689655
1102,dE9-DgGYZRU,176,5,0.028409090909090908
1103,dKUokdVZ_4A,84,2,0.023809523809523808
1104,dLJFGq7uwb8,20,0,0.0
1105,dLjaN5ofNk0,4,0,0.0
1106,dMAk3PRn5_0,49,1,0.02040816326530612
1107,dMsOh7V_5zw,24,0,0.0
1108,dPvmKeEpzWk,32,0,0.0
1109,dRX0wDNK6S4,117,4,0.03418803418803419
1110,dSQ7Ore4-do,18,0,0.0
1111,dSdSYmXCPXU,28,2,0.07142857142857142
1112,dU72UuhrYzU,42,0,0.0
1113,dXhDtNRYc4Y,24,0,0.0
1114,dYLYnuoSrdU,48,1,0.020833333333333332
1115,dYstFRuPz8A,127,2,0.015748031496062992
1116,doUdRCrK80E,188,2,0.010638297872340425
1117,dt__kig8PVU,153,1,0.006535947712418301
1118,dw0sjXiU4IE,23,0,0.0
1119,dwWs7ZnGekc,47,2,0.0425531914893617
1120,e2jMJV6UHWU,92,2,0.021739130434782608
1121,e4HRUcyMvZY,6,0,0.0
1122,e7acWkAb1dA,35,0,0.0
1123,e9m4O1mjk1M,36,1,0.027777777777777776
1124,eGFTUTRd_oA,36,0,0.0
1125,eJB1gcydsbU,47,0,0.0
1126,eM_FR7I2Ttw,81,1,0.012345679012345678
1127,eP_LYrgztRI,48,0,0.0
1128,eUAFOGdPs2w,21,0,0.0
1129,eVIezLcwc7s,65,4,0.06153846153846154
1130,eYAmnGSmKtw,21,0,0.0
1131,ec0kn1KdnsM,28,0,0.0
1132,edMOQR_r2v4,30,0,0.0
1133,eemr5iR-wyc,55,0,0.0
1134,egrPLSAtMnA,33,1,0.030303030303030304
1135,eiGhNN_wReA,31,0,0.0
1136,emwfEtsn0sE,20,0,0.0
1137,eol-un2oKSk,69,0,0.0
1138,equByOb9j5E,81,0,0.0
1139,erjqKQaXgsw,57,2,0.03508771929824561
1140,es1Sqpk_Yyo,18,0,0.0
1141,esRdPLzmth8,54,0,0.0
1142,evdxH50J3rs,19,0,0.0
1143,evvVtqmvE5w,115,0,0.0
1144,ex2bsB-oaik,47,0,0.0
1145,eyOHat3p_W4,23,0,0.0
1146,f-y88NypH2U,19,0,0.0
1147,f2oUaPFlbW8,103,1,0.009708737864077669
1148,f3uF3EpSZMw,63,0,0.0
1149,f4kmZpXGqlw,74,0,0.0
1150,f8_slzyQEoM,28,0,0.0
1151,fAuUd1HiWe4,71,0,0.0
1152,fBR-MFpVKuc,58,1,0.017241379310344827
1153,fEYJt5s4gJk,36,0,0.0
1154,fIbiV-BpduM,7,0,0.0
1155,fJiaYnmUw60,17,0,0.0
1156,fNF4m_Js60s,53,1,0.018867924528301886
1157,fQxLlq7lxVM,60,0,0.0
1158,fS5xHHqW-6E,41,0,0.0
1159,fUffrvUjwCY,53,0,0.0
1160,fUtlqtdn1Xo,141,1,0.0070921985815602835
1161,fY29TX5Po9E,24,0,0.0
1162,fcubmjoGH7I,79,0,0.0
1163,fgzPn14B1Nk,28,0,0.0
1164,fmIGnd98DX4,39,1,0.02564102564102564
1165,fs6JjOOIpXk,27,0,0.0
1166,ftrFGwlYO7w,42,0,0.0
1167,fu_YIpRnoa8,20,0,0.0
1168,fwDZ8uhqJg0,99,5,0.050505050505050504
1169,g6piCiaGMZs,123,0,0.0
1170,g7nvSevPSfo,19,0,0.0
1171,g85RGiOgUtI,137,0,0.0
1172,g9oCOSvYkWc,42,1,0.023809523809523808
1173,gDFZS0BVsBY,68,0,0.0
1174,gFIUXqcOulA,81,0,0.0
1175,gG7JEFWQ_18,48,0,0.0
1176,gIE105f0ejg,149,6,0.040268456375838924
1177,gJX2iy6nhHc,30,0,0.0
1178,gLj21uNEzqA,40,0,0.0
1179,gOHHQ9WunXs,18,0,0.0
1180,gOsM-DYAEhY,193,5,0.025906735751295335
1181,gQvHtXWlXDE,80,3,0.0375
1182,gURDO9iklQs,21,0,0.0
1183,gWPHeH0vEp4,23,0,0.0
1184,gWzPYsSCExM,30,0,0.0
1185,gYqThW71pc0,71,0,0.0
1186,g_wuoInNyAI,62,0,0.0
1187,gm3WDogH4LQ,40,0,0.0
1188,gmXuUgB7T3Y,27,0,0.0
1189,gmc4tkVJow8,144,2,0.013888888888888888
1190,gqYZLNMDVJc,49,0,0.0
1191,grmRVWlb1r0,29,0,0.0
1192,gut423ANiwo,44,0,0.0
1193,h2lR5Y1Ycl8,1,0,0.0
1194,h3aFZroZXe4,25,0,0.0
1195,h4JP6su_mio,26,0,0.0
1196,h9TlaYxoOO8,61,1,0.01639344262295082
1197,hB436YJWCOA,26,4,0.15384615384615385
1198,hBaiNeNZGJU,36,0,0.0
1199,hDYFBB68NSk,26,0,0.0
1200,hMfIIxf8ADo,48,0,0.0
1201,hP8_5cJujRQ,85,0,0.0
1202,hPYxXDYUxRA,46,0,0.0
1203,hQbeB0YXLhs,133,0,0.0
1204,hRRnKJwbrcw,56,1,0.017857142857142856
1205,hWYZwNRtQ-8,22,0,0.0
1206,hXGTJgXPhm0,21,0,0.0
1207,hZmoMyFXDoI,38,0,0.0
1208,h_58pbU9udQ,130,0,0.0
1209,ha-OKyNiHNE,39,0,0.0
1210,hcRMFc3ivgM,29,0,0.0
1211,he9KF_HkHrA,14,2,0.14285714285714285
1212,hhREiAarjVY,21,1,0.047619047619047616
1213,hlBAN-vY7y4,47,0,0.0
1214,hlaV9oSSfeA,56,1,0.017857142857142856
1215,hmhlamsHW04,42,0,0.0
1216,htAqXYmFKgo,143,1,0.006993006993006993
1217,htSiIA2g7G8,39,0,0.0
1218,hwFx0ROBf7o,44,0,0.0
1219,i2kJUYeb1Kw,125,0,0.0
1220,i2vugEJgFt4,1,0,0.0
1221,i4Q9WRsAZeM,28,0,0.0
1222,i9bkKw32dGw,26,0,0.0
1223,iALfvFpcItE,70,0,0.0
1224,iEqgI3iwI2U,44,1,0.022727272727272728
1225,iK7lICvUhCI,42,0,0.0
1226,iKYQN5xMRQg,34,0,0.0
1227,iKzRIweSBLA,125,2,0.016
1228,iLJn5IsxOyc,2,0,0.0
1229,iL_-GwbEP4g,104,0,0.0
1230,iNDiTyl7ap4,70,1,0.014285714285714285
1231,iTRWe2XGEGA,77,0,0.0
1232,iTUsiJh9PgE,54,0,0.0
1233,iVC-o8QdokQ,67,1,0.014925373134328358
1234,iVzey3LReUU,25,0,0.0
1235,iXexmZm3_j8,148,1,0.006756756756756757
1236,ibHFy-mo4Pw,18,0,0.0
1237,iptgKv3iApI,20,0,0.0
1238,ipynkBxtMOc,10,0,0.0
1239,itGLQk8oY2Q,23,0,0.0
1240,ittPcR9pN4g,7,0,0.0
1241,iv1zeGSvhIw,19,1,0.05263157894736842
1242,iwGP_FeheLM,176,2,0.011363636363636364
1243,j-aIyueKNcY,22,0,0.0
1244,j6cv-6WuDK0,22,0,0.0
1245,j6fn3LfIfww,43,1,0.023255813953488372
1246,jBVEbbpXOK0,55,0,0.0
1247,jG2Qf-DIofk,22,0,0.0
1248,jJeK0p1LanY,32,1,0.03125
1249,jK6BesOrfws,43,0,0.0
1250,jUrpOg4fBs0,43,6,0.13953488372093023
1251,jXQitd7ahV4,129,1,0.007751937984496124
1252,jbOEC3kLkjE,30,0,0.0
1253,jc1_s2c32zs,27,0,0.0
1254,jd-LLnf55ic,22,0,0.0
1255,jehAZhrI7oA,61,0,0.0
1256,jj3zDdqbwTY,33,0,0.0
1257,jjdKuw2MJww,18,0,0.0
1258,jl1CzzsNVcg,42,0,0.0
1259,jmc7aUVKCMA,82,0,0.0
1260,jpvnPd0Y4MU,30,0,0.0
1261,jrfLD-yyyhE,36,1,0.027777777777777776
1262,jt2OHQh0HoQ,98,16,0.16326530612244897
1263,jyAZO-NROiI,2,0,0.0
1264,k1eYiq_V5cM,38,1,0.02631578947368421
1265,k2EIFLJIINA,3,0,0.0
1266,k3_okqCU1so,25,0,0.0
1267,k6sWbbZFHPY,24,0,0.0
1268,k8rV_PI10Vg,27,0,0.0
1269,kAphgHhlteM,16,0,0.0
1270,kEmgwMPZ04k,83,0,0.0
1271,kIhvZjwOb3k,52,0,0.0
1272,kIssu4XLg00,18,0,0.0
1273,kKnJzyw4enk,28,0,0.0
1274,kORGk6s1C_s,42,0,0.0
1275,kQpq1n8Mopo,25,0,0.0
1276,kRbZ6NenNDI,26,0,0.0
1277,kaADp2tc16Q,16,0,0.0
1278,kaMKInkV7Vs,101,0,0.0
1279,kardu8vDOJ0,7,0,0.0
1280,kb2KUnWNCLs,84,0,0.0
1281,ketCUtFpzNo,40,0,0.0
1282,khB7YyC4PDc,60,0,0.0
1283,kk3ZcRtKt6Y,7,0,0.0
1284,kkY6RV0nVEA,10,0,0.0
1285,klSWPvDCYoI,26,2,0.07692307692307693
1286,krNNMFpA1wY,167,0,0.0
1287,ks34F2z8HRY,24,0,0.0
1288,ktc8XDBq93k,84,0,0.0
1289,kwANDfkOskg,63,0,0.0
1290,l5emRMah1Q4,3,0,0.0
1291,l7yxJDFvTRM,125,2,0.016
1292,lBspB4K-F-c,22,0,0.0
1293,lCWDTq9eZhY,10,0,0.0
1294,lCZCWjzQUM8,51,0,0.0
1295,lIY6zFL95hE,183,0,0.0
1296,lLN1FwiqGwc,195,0,0.0
1297,lLOEu9p80rE,42,1,0.023809523809523808
1298,lQX0jvVQywQ,93,0,0.0
1299,lRrHALK5b_I,49,0,0.0
1300,lSsTCiC93WI,120,1,0.008333333333333333
1301,lX-eFyZyO9k,7,0,0.0
1302,lamseWekh8Y,24,0,0.0
1303,lbhnmwosgBo,57,1,0.017543859649122806
1304,lcuV-ff0n0s,18,0,0.0
1305,lduyitPDQjY,31,0,0.0
1306,lg0ldbwZhPQ,63,0,0.0
1307,ljXSjIph5ZM,139,0,0.0
1308,lno7AN8hLvQ,93,2,0.021505376344086023
1309,lo8QsWGWnEg,6,0,0.0
1310,lpv-mkmddms,43,0,0.0
1311,lvZCzP-7JV8,31,1,0.03225806451612903
1312,lw-Xu7ZLD3w,54,0,0.0
1313,lwEYXrE3cjM,13,0,0.0
1314,m59HKBUi3cY,57,0,0.0
1315,mFZiH4aEPJc,7,0,0.0
1316,mG6_nlJPNcM,23,1,0.043478260869565216
1317,mG7GBGcABYQ,10,0,0.0
1318,mGibr5Uy04w,51,0,0.0
1319,mHPB7raBvM0,43,0,0.0
1320,mJSViC_Sx20,51,0,0.0
1321,mNGGfLV3amY,54,0,0.0
1322,mOrdWbqp85E,29,0,0.0
1323,mPbDw9RFkjc,29,1,0.034482758620689655
1324,mSYEzJ7LM54,28,0,0.0
1325,meXPbvp3ldg,165,0,0.0
1326,mk4NRZGCFvM,20,0,0.0
1327,ml8Dj5OSR-M,57,1,0.017543859649122806
1328,mr1fJ1iGE0M,27,0,0.0
1329,mxNS5Wx06sU,1,0,0.0
1330,my9VAQMj6i8,9,1,0.1111111111111111
1331,mywgWuDqDTQ,60,1,0.016666666666666666
1332,n2Um-NOD6uw,8,0,0.0
1333,n54-eEvoMpg,68,0,0.0
1334,nA22klr9d1Y,33,0,0.0
1335,nCav3ZDm2wk,30,0,0.0
1336,nIZb34JnFEw,45,0,0.0
1337,nKzsgC6FUds,162,2,0.012345679012345678
1338,nL9bZbv2aXY,22,0,0.0
1339,nL_QIbe2RZ4,29,0,0.0
1340,nQ0LRi18a3s,26,0,0.0
1341,nQwolVLD1MM,145,2,0.013793103448275862
1342,nXZStT0kvVM,27,0,0.0
1343,nYwhZwA9JZo,28,1,0.03571428571428571
1344,nZHZMVlc9A0,52,0,0.0
1345,nd_EYo96lmo,110,2,0.01818181818181818
1346,ne4CnyNW9O4,155,0,0.0
1347,nivfxoep6Rs,111,2,0.018018018018018018
1348,nj0CoMTpcUs,32,0,0.0
1349,njspZowLMBI,30,1,0.03333333333333333
1350,nnTcCS07DKQ,48,1,0.020833333333333332
1351,noVEvsozyug,57,1,0.017543859649122806
1352,nrzbCPOcIJk,177,0,0.0
1353,nvAhI3ZjnjU,62,1,0.016129032258064516
1354,o0Ddl1DI-go,59,0,0.0
1355,o1vV0oorclg,2,0,0.0
1356,o3K44GQwxbA,102,0,0.0
1357,o4os5TXo6Vk,120,1,0.008333333333333333
1358,o7eLKttSYMA,30,0,0.0
1359,o8R5f2kNo0A,63,0,0.0
1360,o97_jDomyqc,61,0,0.0
1361,o9n3bR8VMW8,132,3,0.022727272727272728
1362,oD7nZouNyDA,23,0,0.0
1363,oDIDZ9EmQfA,115,0,0.0
1364,oEs0BP0i1Ro,120,0,0.0
1365,oHUQe-Uxqbg,31,0,0.0
1366,oK4me2hI_Jo,77,0,0.0
1367,oKzFGhlFqqE,145,2,0.013793103448275862
1368,oPWiR4jrqpI,27,0,0.0
1369,oQ1rAFV44hU,83,2,0.024096385542168676
1370,oStLD-yYAy0,33,1,0.030303030303030304
1371,oZlJZ0BhXsA,141,1,0.0070921985815602835
1372,o_6euFCz-qc,32,0,0.0
1373,obq5OiTOKpI,26,2,0.07692307692307693
1374,odhMmAPDc54,99,4,0.04040404040404041
1375,ofz2cHLkiRI,73,3,0.0410958904109589
1376,ofzjzf_rhZc,50,1,0.02
1377,oh37J6qROrQ,43,0,0.0
1378,ouJwpthMfkY,85,1,0.011764705882352941
1379,p1WJ01Ij9AQ,130,0,0.0
1380,p5iH-uKHmfo,19,0,0.0
1381,p89x77BhIEY,18,0,0.0
1382,pAsN4lSa7O0,27,0,0.0
1383,pCHmqeHEybg,63,1,0.015873015873015872
1384,pCyjOV-IHnc,32,0,0.0
1385,pMZAhWZxdGI,165,1,0.006060606060606061
1386,pOZ5FrTMQMA,80,0,0.0
1387,pPOY00bWepQ,41,1,0.024390243902439025
1388,pRnbzkMsgmM,39,1,0.02564102564102564
1389,pXFIMdJduvY,149,0,0.0
1390,p_P9J97ELlg,80,2,0.025
1391,paXOkGMyG8M,165,0,0.0
1392,pe3KSYqPIgo,106,0,0.0
1393,pfQ09sKITss,26,0,0.0
1394,pgCtsVdK4HA,42,0,0.0
1395,pgpKCvagce4,23,0,0.0
1396,pi2k1u6eZuI,32,0,0.0
1397,pmHcdGpgQb8,53,1,0.018867924528301886
1398,pmWORtNBl1A,36,1,0.027777777777777776
1399,ppGCbh8ggUs,50,1,0.02
1400,pqSN7lsPs2k,95,1,0.010526315789473684
1401,pqdaskhEa0I,56,1,0.017857142857142856
1402,puckf6JLxc0,14,0,0.0
1403,pwHvK07tUuw,50,0,0.0
1404,px1WIBaFseE,38,0,0.0
1405,q1nvv1o1z3M,38,0,0.0
1406,q2KehxKQ3Zk,35,0,0.0
1407,q3br7KKr67o,25,0,0.0
1408,q68xUVH3qiM,40,0,0.0
1409,q6yzrZfgQvI,89,0,0.0
1410,qCFT66OOgeE,1,0,0.0
1411,qDhbIEuwRRc,10,0,0.0
1412,qFXaDphjrKs,37,0,0.0
1413,qFjyr2AYTb0,22,1,0.045454545454545456
1414,qFltpuZJAns,27,0,0.0
1415,qIRl8taMSAQ,28,0,0.0
1416,qJVOPnfywCk,29,1,0.034482758620689655
1417,qPDZZj6By3Y,26,0,0.0
1418,qR1EM-RIZNk,99,0,0.0
1419,qSXp_XdHvEA,17,0,0.0
1420,qTB9uDK0mWw,5,0,0.0
1421,qVUSLxQyy9c,49,0,0.0
1422,qWEmjFtwQek,24,0,0.0
1423,qXH1dVI8Jic,99,0,0.0
1424,qZVm-2nM0sA,56,0,0.0
1425,qZW84u3UfiY,40,0,0.0
1426,qdWUQGHtyPk,90,0,0.0
1427,ql0Op1VcELw,113,1,0.008849557522123894
1428,qlAfus-n9-U,9,0,0.0
1429,qm1Pd7bctaU,50,0,0.0
1430,qnSp6GwsI78,38,0,0.0
1431,qpv7-cyIQ20,9,0,0.0
1432,qy-UZ5B38-Y,34,0,0.0
1433,qynG2-RTnAw,24,0,0.0
1434,qznElIkZ1hc,33,0,0.0
1435,r1f8hd4yh0c,41,0,0.0
1436,r30snlzbYaY,32,0,0.0
1437,r4RfsfD6ZhM,22,0,0.0
1438,r9-DM9uBtVI,249,11,0.04417670682730924
1439,r912Kzj8uYg,53,0,0.0
1440,rAh_16nooZA,19,0,0.0
1441,rCo4gIZu0DY,166,1,0.006024096385542169
1442,rFFo-0v_vi4,23,0,0.0
1443,rIDyvW6Ob7Y,35,0,0.0
1444,rRZp93mMZaI,7,0,0.0
1445,rRi8LptvFZY,16,0,0.0
1446,rUkHLs9RHP0,54,0,0.0
1447,rWKz0ZC_G6U,35,0,0.0
1448,rWk7ykBdIA8,34,0,0.0
1449,rXrQZ_1VGd0,156,5,0.03205128205128205
1450,rZ2vh8rZd18,50,0,0.0
1451,rcEyUNeZqmY,92,0,0.0
1452,rdXaw4EFGdk,50,1,0.02
1453,remr6Na_hD8,21,0,0.0
1454,rfMJ-DylWBs,108,2,0.018518518518518517
1455,rh8b-Ibzkfg,35,0,0.0
1456,rjINNeC0DFA,105,0,0.0
1457,rjlXcMhQgPU,24,0,0.0
1458,rl4ofGm2aNI,121,2,0.01652892561983471
1459,roS6oFjCDhc,139,3,0.02158273381294964
1460,roiPLImXMoc,29,1,0.034482758620689655
1461,rpfI6_deEcE,24,0,0.0
1462,rtL5oMyBHPs,114,1,0.008771929824561403
1463,ruTB5jBGXsE,65,1,0.015384615384615385
1464,ruYeBXudsds,32,2,0.0625
1465,s06m6I06rbw,10,0,0.0
1466,sB29PVm_uYY,47,0,0.0
1467,sQp6ATVaS_M,43,0,0.0
1468,sRAp2MO6TUY,69,2,0.028985507246376812
1469,sUDEJHbDvWw,36,0,0.0
1470,sWW9fP4v3Ew,12,0,0.0
1471,sa3G0vBlucg,22,0,0.0
1472,saoBoW2r6tk,41,0,0.0
1473,sbS0COipGKE,55,1,0.01818181818181818
1474,scIizw2asro,191,6,0.031413612565445025
1475,sgBGvgxuXvQ,26,1,0.038461538461538464
1476,shc8GX7YiKo,22,0,0.0
1477,shzzQxD53Tk,25,0,0.0
1478,sjUxo7ylJPk,29,0,0.0
1479,sjlHnJvXdQs,148,5,0.033783783783783786
1480,soC7DtJXMC8,140,1,0.007142857142857143
1481,srWtQnseRyE,56,1,0.017857142857142856
1482,suYQrlcfthU,2,0,0.0
1483,sxkP5m3RKQQ,31,0,0.0
1484,syBlo0z4aDI,25,0,0.0
1485,t2oVUxTV4WA,166,4,0.024096385542168676
1486,t3AVtQkEHaE,223,1,0.004484304932735426
1487,t3oar3hIDWA,27,0,0.0
1488,t4My4nOw4R4,25,0,0.0
1489,t8sgy0faXyg,99,0,0.0
1490,tI311Dz5_As,18,0,0.0
1491,tJpe2pB4ZLk,7,0,0.0
1492,tN_Fta2ZgdM,38,0,0.0
1493,tSLjM6cZaTo,76,0,0.0
1494,tTHMBjyzgEU,72,1,0.013888888888888888
1495,t_LQ0f2GU88,40,0,0.0
1496,taKGnsqeCPs,21,0,0.0
1497,td_P3C-Q6c8,34,1,0.029411764705882353
1498,tfZvSS_f254,61,0,0.0
1499,tg49DhsIcwU,30,1,0.03333333333333333
1500,thD6TNUoyIk,76,0,0.0
1501,thUp8jTeJ9Q,72,0,0.0
1502,tku0H7YeMeA,59,0,0.0
1503,tl6w1-IlyDs,140,1,0.007142857142857143
1504,tlTKTTt47WE,158,3,0.0189873417721519
1505,tp9aQXDFHbY,48,2,0.041666666666666664
1506,tt2k8PGm-TI,68,0,0.0
1507,twzJzolIl_A,176,2,0.011363636363636364
1508,tx20wIAA_IE,28,0,0.0
1509,txvKrTplOVs,102,2,0.0196078431372549
1510,u414OyWo6e4,25,0,0.0
1511,u6iVspBWzZU,52,0,0.0
1512,u8QANTrJRe8,3,0,0.0
1513,u8f6k9vjl-A,34,0,0.0
1514,u9PwlWwRQTE,42,0,0.0
1515,uAI5rSiGyNY,50,0,0.0
1516,uBGECC5U09Q,140,1,0.007142857142857143
1517,uB_Kx6T3wq4,159,1,0.006289308176100629
1518,uCVuyIQZ-lA,40,0,0.0
1519,uE6iQ5HiJts,244,4,0.01639344262295082
1520,uK4plxfJa10,130,1,0.007692307692307693
1521,uLP8rFrL1W0,32,0,0.0
1522,uNseVux0CA4,128,0,0.0
1523,uQhr1sfgJis,81,0,0.0
1524,uS2OKUrbh-w,16,0,0.0
1525,uTw6xPVNE4Q,28,1,0.03571428571428571
1526,uV002CSNDac,109,1,0.009174311926605505
1527,uWFAD84I66I,54,0,0.0
1528,uZ8L6qLeC74,32,0,0.0
1529,uZucY9atk9M,115,1,0.008695652173913044
1530,ucWPplMZnH4,60,2,0.03333333333333333
1531,udnGW3E1vxY,24,1,0.041666666666666664
1532,ueenKCyGINg,14,0,0.0
1533,ufE-HaySXSg,18,0,0.0
1534,ufaDurSCKOk,134,4,0.029850746268656716
1535,uh3aU63f8U8,21,1,0.047619047619047616
1536,ulVEd-TRl90,39,0,0.0
1537,un75cup_EKs,1,0,0.0
1538,unByRjDRA34,48,0,0.0
1539,unTZYFHExRs,60,0,0.0
1540,uxI-8GTqDYA,75,0,0.0
1541,uy1FAz6zrQE,141,1,0.0070921985815602835
1542,v04o5-b_vjo,31,0,0.0
1543,v0zIWuPHbAY,125,2,0.016
1544,v62GQ-KPo2k,16,0,0.0
1545,v8t0ASudM-o,28,1,0.03571428571428571
1546,v9ERab8P6Io,27,0,0.0
1547,vGVK4ibMI-Y,60,0,0.0
1548,vLmEGZnDWog,15,0,0.0
1549,vOrHkqjQ46s,20,0,0.0
1550,vQ3XgMKAgxc,205,8,0.03902439024390244
1551,vUC8-qbCVWk,45,0,0.0
1552,vVnJKV8aScc,25,0,0.0
1553,vX53lghRQwc,55,0,0.0
1554,v_bbo1hUJeY,60,1,0.016666666666666666
1555,vaspC5kfqDU,3,0,0.0
1556,vdUum-zVcZc,66,1,0.015151515151515152
1557,vgDiV94Hz1I,72,0,0.0
1558,vkrvJnHkxg4,5,0,0.0
1559,vlzHNY2SWps,38,0,0.0
1560,vp_Dbt3FPDs,25,0,0.0
1561,vpcDYc_4gV4,33,0,0.0
1562,vrW88AC_a8g,17,0,0.0
1563,w-n3qiLeVqg,30,1,0.03333333333333333
1564,w4SKo5jU64I,91,1,0.01098901098901099
1565,w58C1Vu10Is,87,0,0.0
1566,w6vHtjZKUss,25,1,0.04
1567,w7h--c54_O8,126,1,0.007936507936507936
1568,w8fAellnPns,103,2,0.019417475728155338
1569,w8jscru2mDE,42,1,0.023809523809523808
1570,wDkjWSt3HOM,88,1,0.011363636363636364
1571,wHSJljq_41I,46,0,0.0
1572,wHrpTT1-fPg,81,1,0.012345679012345678
1573,wOcRH5GbqTQ,18,0,0.0
1574,wOrmr5kT-48,29,1,0.034482758620689655
1575,wOskfnnbkdw,69,0,0.0
1576,wP97gsUp4cM,30,0,0.0
1577,wQ5A1Rx64o4,36,0,0.0
1578,wQD1JvJZXdI,61,0,0.0
1579,wQtn44ACpoE,19,0,0.0
1580,wUHWzsF_qJM,80,0,0.0
1581,wVXIs2l_WqM,26,0,0.0
1582,wWK5W1b17uw,63,0,0.0
1583,wX5CKErOMqo,43,0,0.0
1584,w_tHH-7qNKE,23,0,0.0
1585,wcR4z5LezPU,3,0,0.0
1586,wd9-VP2LzM8,66,0,0.0
1587,wenFLUp44Fg,27,0,0.0
1588,wfDmXh_YwcE,20,0,0.0
1589,wiBhzhQu_2c,22,1,0.045454545454545456
1590,wkPW7rozgjU,26,0,0.0
1591,wm3aO5547Gc,64,0,0.0
1592,wqcHGWG8MLQ,32,0,0.0
1593,wvjBdW6CyAM,24,0,0.0
1594,x2IttXFBYxc,215,4,0.018604651162790697
1595,x2j090lBACI,18,0,0.0
1596,x4SheWJkn6s,24,0,0.0
1597,x9VBzdkHMBU,30,0,0.0
1598,x9_5nim4GzQ,24,1,0.041666666666666664
1599,xA70bP5uzao,39,1,0.02564102564102564
1600,xBU77C4cpTk,153,2,0.013071895424836602
1601,xEKSJLaiZa0,30,0,0.0
1602,xF7_tPoCihI,25,0,0.0
1603,xGuGjvIfof8,53,0,0.0
1604,xHvVhhFvLtY,132,0,0.0
1605,xItyQC64KWQ,25,0,0.0
1606,xKXxJcf6_IE,84,1,0.011904761904761904
1607,xNddRhpx5tA,103,2,0.019417475728155338
1608,xQFuL2KYRdc,17,0,0.0
1609,xQap9P6g5_8,36,1,0.027777777777777776
1610,xUSJ4XK2UXg,35,0,0.0
1611,xV1dMqeb4_U,29,0,0.0
1612,xXnfQ4SC6oQ,23,1,0.043478260869565216
1613,xYq_XLAJRu4,16,0,0.0
1614,x_Akn8fUBeQ,52,0,0.0
1615,xaAFq3P-tOo,29,0,0.0
1616,xc8BtpXPUSw,38,2,0.05263157894736842
1617,xcJXT5lc1Bg,10,0,0.0
1618,xfQvngEXob4,53,0,0.0
1619,xig77hiUHig,44,0,0.0
1620,xlEOEInw6q0,42,3,0.07142857142857142
1621,xnNs1naIbvA,40,0,0.0
1622,xnSew-tCuPo,111,0,0.0
1623,xo2B67vz4HA,26,1,0.038461538461538464
1624,xtsLwr9Ok7s,48,2,0.041666666666666664
1625,xy5Nr-nBZaU,13,0,0.0
1626,y0NyGGFVZWA,8,0,0.0
1627,y0kQ2Jrk2Ng,15,1,0.06666666666666667
1628,y1KEL-uqWGM,7,0,0.0
1629,y33oo6YsUoI,27,0,0.0
1630,y6B1uUpQM3E,101,0,0.0
1631,y8tsTndaPqc,5,0,0.0
1632,y9vsRUmPCKk,27,0,0.0
1633,yB9pN0H7saA,59,0,0.0
1634,yESCuF5dsYs,37,0,0.0
1635,yJZh9NWdXrE,27,0,0.0
1636,yJyirpACUjU,2,0,0.0
1637,yLpAJzHSYKY,28,0,0.0
1638,yNaLblrdflU,160,2,0.0125
1639,yNnvz85nWNU,95,0,0.0
1640,ySSdeYpoWBU,26,0,0.0
1641,yStV4b86rD8,28,0,0.0
1642,yVoijkYiZtg,9,0,0.0
1643,yWatz9TAgT0,34,0,0.0
1644,yYvXU7-fcHE,18,0,0.0
1645,yZMt87ZdUbw,65,0,0.0
1646,y_h_1uN2RQA,20,0,0.0
1647,ykUupQoJsIY,103,0,0.0
1648,ypXwioZXUrE,46,2,0.043478260869565216
1649,ysS7DMjeux8,41,0,0.0
1650,yuwp7x_IiZ4,19,2,0.10526315789473684
1651,yyKyEZ0HWNw,32,1,0.03125
1652,yyv2gOHMGEc,166,2,0.012048192771084338
1653,z68frP9Q7XA,55,0,0.0
1654,z9NvH2A6b-s,30,0,0.0
1655,zA3VCYGG_OQ,37,0,0.0
1656,zAgeP-vfzEQ,13,0,0.0
1657,zAtHxJvSczA,11,0,0.0
1658,zEZQ9v4h85k,7,0,0.0
1659,zEezFUb8Zz4,28,0,0.0
1660,zFNapd-oPd8,21,0,0.0
1661,zKDPrpJEGBY,12,0,0.0
1662,zTTaFg2Sq9Y,33,0,0.0
1663,zTjcPeb2Gwg,115,4,0.034782608695652174
1664,zVim45Y5kus,25,0,0.0
1665,zWxo4uZW-1I,34,0,0.0
1666,zZ2CLmvqfXg,40,0,0.0
1667,zcqZHYo7ONs,160,0,0.0
1668,zgLtEob6X-Q,159,3,0.018867924528301886
1669,zhtliiCSYb8,105,0,0.0
1670,zqbYukKfnEk,45,0,0.0
1671,zujShZT8_go,70,0,0.0
1672,zyPIdeF4NFI,57,0,0.0
